,article_id,challenging,no_effect,reinforcing,split_label,concat_results,concat_results_binary,majority,distribution_CRNe
0,1638697.txt,0.0,0.0,3.0,train,030,FalseTrueFalse,reinforcing,"[0.0, 1.0, 0.0]"
1,1638699.txt,0.0,0.0,3.0,train,030,FalseTrueFalse,reinforcing,"[0.0, 1.0, 0.0]"
2,1638700.txt,0.0,0.0,3.0,train,030,FalseTrueFalse,reinforcing,"[0.0, 1.0, 0.0]"
3,1638901.txt,1.0,1.0,1.0,train,111,TrueTrueTrue,na,"[0.333, 0.333, 0.333]"
4,1638989.txt,1.0,0.0,2.0,train,120,TrueTrueFalse,reinforcing,"[0.333, 0.667, 0.0]"
5,1639627.txt,2.0,1.0,0.0,train,201,TrueFalseTrue,challenging,"[0.667, 0.0, 0.333]"
6,1639855.txt,1.0,2.0,0.0,train,102,TrueFalseTrue,no_effect,"[0.333, 0.0, 0.667]"
7,1640113.txt,0.0,0.0,3.0,train,030,FalseTrueFalse,reinforcing,"[0.0, 1.0, 0.0]"
8,1640273.txt,0.0,1.0,2.0,train,021,FalseTrueTrue,reinforcing,"[0.0, 0.667, 0.333]"
9,1640526.txt,0.0,1.0,2.0,train,021,FalseTrueTrue,reinforcing,"[0.0, 0.667, 0.333]"
10,1640574.txt,1.0,1.0,1.0,train,111,TrueTrueTrue,na,"[0.333, 0.333, 0.333]"
11,1640627.txt,0.0,0.0,3.0,train,030,FalseTrueFalse,reinforcing,"[0.0, 1.0, 0.0]"
12,1640630.txt,0.0,2.0,1.0,train,012,FalseTrueTrue,no_effect,"[0.0, 0.333, 0.667]"
13,1640915.txt,1.0,1.0,1.0,train,111,TrueTrueTrue,na,"[0.333, 0.333, 0.333]"
14,1641561.txt,0.0,1.0,2.0,train,021,FalseTrueTrue,reinforcing,"[0.0, 0.667, 0.333]"
15,1641562.txt,0.0,0.0,3.0,train,030,FalseTrueFalse,reinforcing,"[0.0, 1.0, 0.0]"
16,1641834.txt,0.0,0.0,3.0,train,030,FalseTrueFalse,reinforcing,"[0.0, 1.0, 0.0]"
17,1642127.txt,0.0,0.0,3.0,train,030,FalseTrueFalse,reinforcing,"[0.0, 1.0, 0.0]"
18,1642336.txt,0.0,0.0,3.0,train,030,FalseTrueFalse,reinforcing,"[0.0, 1.0, 0.0]"
19,1642337.txt,0.0,1.0,2.0,train,021,FalseTrueTrue,reinforcing,"[0.0, 0.667, 0.333]"
20,1642371.txt,0.0,2.0,1.0,train,012,FalseTrueTrue,no_effect,"[0.0, 0.333, 0.667]"
21,1642375.txt,0.0,3.0,0.0,train,003,FalseFalseTrue,no_effect,"[0.0, 0.0, 1.0]"
22,1642463.txt,2.0,0.0,1.0,train,210,TrueTrueFalse,challenging,"[0.667, 0.333, 0.0]"
23,1642464.txt,0.0,1.0,2.0,train,021,FalseTrueTrue,reinforcing,"[0.0, 0.667, 0.333]"
24,1642830.txt,0.0,3.0,0.0,train,003,FalseFalseTrue,no_effect,"[0.0, 0.0, 1.0]"
25,1643013.txt,1.0,1.0,1.0,train,111,TrueTrueTrue,na,"[0.333, 0.333, 0.333]"
26,1643180.txt,0.0,0.0,3.0,train,030,FalseTrueFalse,reinforcing,"[0.0, 1.0, 0.0]"
27,1643462.txt,1.0,0.0,2.0,train,120,TrueTrueFalse,reinforcing,"[0.333, 0.667, 0.0]"
28,1643657.txt,0.0,1.0,2.0,train,021,FalseTrueTrue,reinforcing,"[0.0, 0.667, 0.333]"
29,1643721.txt,0.0,2.0,1.0,train,012,FalseTrueTrue,no_effect,"[0.0, 0.333, 0.667]"
30,1643925.txt,0.0,0.0,3.0,train,030,FalseTrueFalse,reinforcing,"[0.0, 1.0, 0.0]"
31,1644157.txt,0.0,0.0,3.0,train,030,FalseTrueFalse,reinforcing,"[0.0, 1.0, 0.0]"
32,1644158.txt,0.0,1.0,2.0,train,021,FalseTrueTrue,reinforcing,"[0.0, 0.667, 0.333]"
33,1644193.txt,0.0,2.0,1.0,train,012,FalseTrueTrue,no_effect,"[0.0, 0.333, 0.667]"
34,1644342.txt,2.0,0.0,1.0,train,210,TrueTrueFalse,challenging,"[0.667, 0.333, 0.0]"
35,1644750.txt,0.0,2.0,1.0,train,012,FalseTrueTrue,no_effect,"[0.0, 0.333, 0.667]"
36,1644772.txt,0.0,1.0,2.0,train,021,FalseTrueTrue,reinforcing,"[0.0, 0.667, 0.333]"
37,1644957.txt,0.0,1.0,2.0,train,021,FalseTrueTrue,reinforcing,"[0.0, 0.667, 0.333]"
38,1645252.txt,0.0,1.0,2.0,train,021,FalseTrueTrue,reinforcing,"[0.0, 0.667, 0.333]"
39,1645497.txt,0.0,0.0,3.0,train,030,FalseTrueFalse,reinforcing,"[0.0, 1.0, 0.0]"
40,1645744.txt,2.0,0.0,1.0,train,210,TrueTrueFalse,challenging,"[0.667, 0.333, 0.0]"
41,1645960.txt,1.0,0.0,2.0,train,120,TrueTrueFalse,reinforcing,"[0.333, 0.667, 0.0]"
42,1645961.txt,0.0,0.0,3.0,train,030,FalseTrueFalse,reinforcing,"[0.0, 1.0, 0.0]"
43,1646349.txt,1.0,0.0,2.0,train,120,TrueTrueFalse,reinforcing,"[0.333, 0.667, 0.0]"
44,1646524.txt,0.0,0.0,3.0,train,030,FalseTrueFalse,reinforcing,"[0.0, 1.0, 0.0]"
45,1646839.txt,0.0,0.0,3.0,train,030,FalseTrueFalse,reinforcing,"[0.0, 1.0, 0.0]"
46,1647258.txt,0.0,0.0,3.0,train,030,FalseTrueFalse,reinforcing,"[0.0, 1.0, 0.0]"
47,1647260.txt,0.0,0.0,3.0,train,030,FalseTrueFalse,reinforcing,"[0.0, 1.0, 0.0]"
48,1647477.txt,0.0,1.0,2.0,train,021,FalseTrueTrue,reinforcing,"[0.0, 0.667, 0.333]"
49,1647479.txt,0.0,3.0,0.0,train,003,FalseFalseTrue,no_effect,"[0.0, 0.0, 1.0]"
50,1647700.txt,0.0,1.0,2.0,train,021,FalseTrueTrue,reinforcing,"[0.0, 0.667, 0.333]"
51,1647821.txt,0.0,0.0,3.0,train,030,FalseTrueFalse,reinforcing,"[0.0, 1.0, 0.0]"
52,1647884.txt,1.0,0.0,2.0,train,120,TrueTrueFalse,reinforcing,"[0.333, 0.667, 0.0]"
53,1648104.txt,0.0,0.0,3.0,train,030,FalseTrueFalse,reinforcing,"[0.0, 1.0, 0.0]"
54,1648291.txt,0.0,2.0,1.0,train,012,FalseTrueTrue,no_effect,"[0.0, 0.333, 0.667]"
55,1648292.txt,1.0,1.0,1.0,train,111,TrueTrueTrue,na,"[0.333, 0.333, 0.333]"
56,1648561.txt,1.0,0.0,2.0,train,120,TrueTrueFalse,reinforcing,"[0.333, 0.667, 0.0]"
57,1649067.txt,0.0,0.0,3.0,train,030,FalseTrueFalse,reinforcing,"[0.0, 1.0, 0.0]"
58,1649239.txt,1.0,1.0,1.0,train,111,TrueTrueTrue,na,"[0.333, 0.333, 0.333]"
59,1649490.txt,2.0,0.0,1.0,train,210,TrueTrueFalse,challenging,"[0.667, 0.333, 0.0]"
60,1649531.txt,0.0,3.0,0.0,train,003,FalseFalseTrue,no_effect,"[0.0, 0.0, 1.0]"
61,1649694.txt,0.0,0.0,3.0,train,030,FalseTrueFalse,reinforcing,"[0.0, 1.0, 0.0]"
62,1649695.txt,1.0,0.0,2.0,train,120,TrueTrueFalse,reinforcing,"[0.333, 0.667, 0.0]"
63,1649928.txt,1.0,1.0,1.0,train,111,TrueTrueTrue,na,"[0.333, 0.333, 0.333]"
64,1649929.txt,0.0,1.0,2.0,train,021,FalseTrueTrue,reinforcing,"[0.0, 0.667, 0.333]"
65,1650368.txt,0.0,2.0,1.0,train,012,FalseTrueTrue,no_effect,"[0.0, 0.333, 0.667]"
66,1650400.txt,1.0,0.0,2.0,train,120,TrueTrueFalse,reinforcing,"[0.333, 0.667, 0.0]"
67,1650603.txt,0.0,0.0,3.0,train,030,FalseTrueFalse,reinforcing,"[0.0, 1.0, 0.0]"
68,1650886.txt,1.0,2.0,0.0,train,102,TrueFalseTrue,no_effect,"[0.333, 0.0, 0.667]"
69,1651054.txt,1.0,0.0,2.0,train,120,TrueTrueFalse,reinforcing,"[0.333, 0.667, 0.0]"
70,1651055.txt,1.0,0.0,2.0,train,120,TrueTrueFalse,reinforcing,"[0.333, 0.667, 0.0]"
71,1651356.txt,0.0,0.0,3.0,train,030,FalseTrueFalse,reinforcing,"[0.0, 1.0, 0.0]"
72,1651358.txt,0.0,1.0,2.0,train,021,FalseTrueTrue,reinforcing,"[0.0, 0.667, 0.333]"
73,1651394.txt,0.0,0.0,3.0,train,030,FalseTrueFalse,reinforcing,"[0.0, 1.0, 0.0]"
74,1651474.txt,0.0,1.0,2.0,train,021,FalseTrueTrue,reinforcing,"[0.0, 0.667, 0.333]"
75,1651478.txt,0.0,1.0,2.0,train,021,FalseTrueTrue,reinforcing,"[0.0, 0.667, 0.333]"
76,1651764.txt,0.0,0.0,3.0,train,030,FalseTrueFalse,reinforcing,"[0.0, 1.0, 0.0]"
77,1651965.txt,1.0,0.0,2.0,train,120,TrueTrueFalse,reinforcing,"[0.333, 0.667, 0.0]"
78,1652153.txt,0.0,1.0,2.0,train,021,FalseTrueTrue,reinforcing,"[0.0, 0.667, 0.333]"
79,1652155.txt,0.0,0.0,3.0,train,030,FalseTrueFalse,reinforcing,"[0.0, 1.0, 0.0]"
80,1652422.txt,0.0,1.0,2.0,train,021,FalseTrueTrue,reinforcing,"[0.0, 0.667, 0.333]"
81,1652424.txt,0.0,2.0,1.0,train,012,FalseTrueTrue,no_effect,"[0.0, 0.333, 0.667]"
82,1652663.txt,0.0,0.0,3.0,train,030,FalseTrueFalse,reinforcing,"[0.0, 1.0, 0.0]"
83,1652835.txt,0.0,1.0,2.0,train,021,FalseTrueTrue,reinforcing,"[0.0, 0.667, 0.333]"
84,1653050.txt,1.0,0.0,2.0,train,120,TrueTrueFalse,reinforcing,"[0.333, 0.667, 0.0]"
85,1653052.txt,1.0,1.0,1.0,train,111,TrueTrueTrue,na,"[0.333, 0.333, 0.333]"
86,1653086.txt,0.0,0.0,3.0,train,030,FalseTrueFalse,reinforcing,"[0.0, 1.0, 0.0]"
87,1653088.txt,0.0,1.0,2.0,train,021,FalseTrueTrue,reinforcing,"[0.0, 0.667, 0.333]"
88,1653167.txt,0.0,0.0,3.0,train,030,FalseTrueFalse,reinforcing,"[0.0, 1.0, 0.0]"
89,1653171.txt,0.0,0.0,3.0,train,030,FalseTrueFalse,reinforcing,"[0.0, 1.0, 0.0]"
90,1653228.txt,1.0,1.0,1.0,train,111,TrueTrueTrue,na,"[0.333, 0.333, 0.333]"
91,1653437.txt,0.0,1.0,2.0,train,021,FalseTrueTrue,reinforcing,"[0.0, 0.667, 0.333]"
92,1653630.txt,0.0,1.0,2.0,train,021,FalseTrueTrue,reinforcing,"[0.0, 0.667, 0.333]"
93,1653883.txt,1.0,1.0,1.0,train,111,TrueTrueTrue,na,"[0.333, 0.333, 0.333]"
94,1654089.txt,0.0,1.0,2.0,train,021,FalseTrueTrue,reinforcing,"[0.0, 0.667, 0.333]"
95,1654540.txt,0.0,1.0,2.0,train,021,FalseTrueTrue,reinforcing,"[0.0, 0.667, 0.333]"
96,1654554.txt,0.0,0.0,3.0,train,030,FalseTrueFalse,reinforcing,"[0.0, 1.0, 0.0]"
97,1654869.txt,0.0,1.0,2.0,train,021,FalseTrueTrue,reinforcing,"[0.0, 0.667, 0.333]"
98,1655378.txt,1.0,0.0,2.0,train,120,TrueTrueFalse,reinforcing,"[0.333, 0.667, 0.0]"
99,1655607.txt,0.0,0.0,3.0,train,030,FalseTrueFalse,reinforcing,"[0.0, 1.0, 0.0]"
100,1655610.txt,1.0,2.0,0.0,train,102,TrueFalseTrue,no_effect,"[0.333, 0.0, 0.667]"
101,1655842.txt,0.0,1.0,2.0,train,021,FalseTrueTrue,reinforcing,"[0.0, 0.667, 0.333]"
102,1655849.txt,0.0,0.0,3.0,train,030,FalseTrueFalse,reinforcing,"[0.0, 1.0, 0.0]"
103,1656067.txt,0.0,0.0,3.0,train,030,FalseTrueFalse,reinforcing,"[0.0, 1.0, 0.0]"
104,1656069.txt,0.0,2.0,1.0,train,012,FalseTrueTrue,no_effect,"[0.0, 0.333, 0.667]"
105,1656310.txt,0.0,1.0,2.0,train,021,FalseTrueTrue,reinforcing,"[0.0, 0.667, 0.333]"
106,1656568.txt,1.0,1.0,1.0,train,111,TrueTrueTrue,na,"[0.333, 0.333, 0.333]"
107,1656607.txt,0.0,1.0,2.0,train,021,FalseTrueTrue,reinforcing,"[0.0, 0.667, 0.333]"
108,1656700.txt,0.0,1.0,2.0,train,021,FalseTrueTrue,reinforcing,"[0.0, 0.667, 0.333]"
109,1657030.txt,2.0,0.0,1.0,train,210,TrueTrueFalse,challenging,"[0.667, 0.333, 0.0]"
110,1657238.txt,2.0,1.0,0.0,train,201,TrueFalseTrue,challenging,"[0.667, 0.0, 0.333]"
111,1657416.txt,0.0,0.0,3.0,train,030,FalseTrueFalse,reinforcing,"[0.0, 1.0, 0.0]"
112,1657664.txt,0.0,0.0,3.0,train,030,FalseTrueFalse,reinforcing,"[0.0, 1.0, 0.0]"
113,1657678.txt,1.0,1.0,1.0,train,111,TrueTrueTrue,na,"[0.333, 0.333, 0.333]"
114,1658140.txt,2.0,1.0,0.0,train,201,TrueFalseTrue,challenging,"[0.667, 0.0, 0.333]"
115,1658390.txt,1.0,0.0,2.0,train,120,TrueTrueFalse,reinforcing,"[0.333, 0.667, 0.0]"
116,1658391.txt,1.0,0.0,2.0,train,120,TrueTrueFalse,reinforcing,"[0.333, 0.667, 0.0]"
117,1658443.txt,1.0,0.0,2.0,train,120,TrueTrueFalse,reinforcing,"[0.333, 0.667, 0.0]"
118,1658445.txt,1.0,0.0,2.0,train,120,TrueTrueFalse,reinforcing,"[0.333, 0.667, 0.0]"
119,1658511.txt,0.0,1.0,2.0,train,021,FalseTrueTrue,reinforcing,"[0.0, 0.667, 0.333]"
120,1658824.txt,0.0,0.0,3.0,train,030,FalseTrueFalse,reinforcing,"[0.0, 1.0, 0.0]"
121,1658825.txt,1.0,0.0,2.0,train,120,TrueTrueFalse,reinforcing,"[0.333, 0.667, 0.0]"
122,1659029.txt,1.0,0.0,2.0,train,120,TrueTrueFalse,reinforcing,"[0.333, 0.667, 0.0]"
123,1659240.txt,1.0,1.0,1.0,train,111,TrueTrueTrue,na,"[0.333, 0.333, 0.333]"
124,1659244.txt,0.0,1.0,2.0,train,021,FalseTrueTrue,reinforcing,"[0.0, 0.667, 0.333]"
125,1659245.txt,0.0,2.0,1.0,train,012,FalseTrueTrue,no_effect,"[0.0, 0.333, 0.667]"
126,1659495.txt,0.0,1.0,2.0,train,021,FalseTrueTrue,reinforcing,"[0.0, 0.667, 0.333]"
127,1659501.txt,0.0,0.0,3.0,train,030,FalseTrueFalse,reinforcing,"[0.0, 1.0, 0.0]"
128,1659703.txt,1.0,1.0,1.0,train,111,TrueTrueTrue,na,"[0.333, 0.333, 0.333]"
129,1659891.txt,0.0,1.0,2.0,train,021,FalseTrueTrue,reinforcing,"[0.0, 0.667, 0.333]"
130,1660083.txt,0.0,1.0,2.0,train,021,FalseTrueTrue,reinforcing,"[0.0, 0.667, 0.333]"
131,1660143.txt,0.0,0.0,3.0,train,030,FalseTrueFalse,reinforcing,"[0.0, 1.0, 0.0]"
132,1660243.txt,0.0,1.0,2.0,train,021,FalseTrueTrue,reinforcing,"[0.0, 0.667, 0.333]"
133,1660245.txt,0.0,0.0,3.0,train,030,FalseTrueFalse,reinforcing,"[0.0, 1.0, 0.0]"
134,1660554.txt,1.0,0.0,2.0,train,120,TrueTrueFalse,reinforcing,"[0.333, 0.667, 0.0]"
135,1660707.txt,0.0,2.0,1.0,train,012,FalseTrueTrue,no_effect,"[0.0, 0.333, 0.667]"
136,1660983.txt,0.0,1.0,2.0,train,021,FalseTrueTrue,reinforcing,"[0.0, 0.667, 0.333]"
137,1661216.txt,0.0,1.0,2.0,train,021,FalseTrueTrue,reinforcing,"[0.0, 0.667, 0.333]"
138,1661403.txt,0.0,0.0,3.0,train,030,FalseTrueFalse,reinforcing,"[0.0, 1.0, 0.0]"
139,1661410.txt,0.0,1.0,2.0,train,021,FalseTrueTrue,reinforcing,"[0.0, 0.667, 0.333]"
140,1661595.txt,1.0,0.0,2.0,train,120,TrueTrueFalse,reinforcing,"[0.333, 0.667, 0.0]"
141,1661875.txt,1.0,1.0,1.0,train,111,TrueTrueTrue,na,"[0.333, 0.333, 0.333]"
142,1661878.txt,0.0,1.0,2.0,train,021,FalseTrueTrue,reinforcing,"[0.0, 0.667, 0.333]"
143,1661897.txt,2.0,0.0,1.0,train,210,TrueTrueFalse,challenging,"[0.667, 0.333, 0.0]"
144,1661898.txt,1.0,2.0,0.0,train,102,TrueFalseTrue,no_effect,"[0.333, 0.0, 0.667]"
145,1661997.txt,0.0,1.0,2.0,train,021,FalseTrueTrue,reinforcing,"[0.0, 0.667, 0.333]"
146,1662353.txt,0.0,1.0,2.0,train,021,FalseTrueTrue,reinforcing,"[0.0, 0.667, 0.333]"
147,1662521.txt,0.0,0.0,3.0,train,030,FalseTrueFalse,reinforcing,"[0.0, 1.0, 0.0]"
148,1662738.txt,0.0,1.0,2.0,train,021,FalseTrueTrue,reinforcing,"[0.0, 0.667, 0.333]"
149,1662957.txt,0.0,1.0,2.0,train,021,FalseTrueTrue,reinforcing,"[0.0, 0.667, 0.333]"
150,1663206.txt,0.0,0.0,3.0,train,030,FalseTrueFalse,reinforcing,"[0.0, 1.0, 0.0]"
151,1663665.txt,0.0,0.0,3.0,train,030,FalseTrueFalse,reinforcing,"[0.0, 1.0, 0.0]"
152,1663666.txt,0.0,0.0,3.0,train,030,FalseTrueFalse,reinforcing,"[0.0, 1.0, 0.0]"
153,1663701.txt,0.0,2.0,1.0,train,012,FalseTrueTrue,no_effect,"[0.0, 0.333, 0.667]"
154,1663703.txt,0.0,2.0,1.0,train,012,FalseTrueTrue,no_effect,"[0.0, 0.333, 0.667]"
155,1663775.txt,0.0,1.0,2.0,train,021,FalseTrueTrue,reinforcing,"[0.0, 0.667, 0.333]"
156,1664115.txt,1.0,0.0,2.0,train,120,TrueTrueFalse,reinforcing,"[0.333, 0.667, 0.0]"
157,1664803.txt,3.0,0.0,0.0,train,300,TrueFalseFalse,challenging,"[1.0, 0.0, 0.0]"
158,1664810.txt,0.0,1.0,2.0,train,021,FalseTrueTrue,reinforcing,"[0.0, 0.667, 0.333]"
159,1665033.txt,2.0,0.0,1.0,train,210,TrueTrueFalse,challenging,"[0.667, 0.333, 0.0]"
160,1665034.txt,1.0,0.0,2.0,train,120,TrueTrueFalse,reinforcing,"[0.333, 0.667, 0.0]"
161,1665257.txt,0.0,0.0,3.0,train,030,FalseTrueFalse,reinforcing,"[0.0, 1.0, 0.0]"
162,1665460.txt,0.0,1.0,2.0,train,021,FalseTrueTrue,reinforcing,"[0.0, 0.667, 0.333]"
163,1665462.txt,0.0,2.0,1.0,train,012,FalseTrueTrue,no_effect,"[0.0, 0.333, 0.667]"
164,1665503.txt,2.0,0.0,1.0,train,210,TrueTrueFalse,challenging,"[0.667, 0.333, 0.0]"
165,1665894.txt,1.0,1.0,1.0,train,111,TrueTrueTrue,na,"[0.333, 0.333, 0.333]"
166,1666079.txt,0.0,1.0,2.0,train,021,FalseTrueTrue,reinforcing,"[0.0, 0.667, 0.333]"
167,1666254.txt,0.0,2.0,1.0,train,012,FalseTrueTrue,no_effect,"[0.0, 0.333, 0.667]"
168,1666493.txt,0.0,0.0,3.0,train,030,FalseTrueFalse,reinforcing,"[0.0, 1.0, 0.0]"
169,1666761.txt,2.0,0.0,1.0,train,210,TrueTrueFalse,challenging,"[0.667, 0.333, 0.0]"
170,1666788.txt,1.0,0.0,2.0,train,120,TrueTrueFalse,reinforcing,"[0.333, 0.667, 0.0]"
171,1666938.txt,0.0,2.0,1.0,train,012,FalseTrueTrue,no_effect,"[0.0, 0.333, 0.667]"
172,1666940.txt,1.0,0.0,2.0,train,120,TrueTrueFalse,reinforcing,"[0.333, 0.667, 0.0]"
173,1669422.txt,0.0,1.0,2.0,train,021,FalseTrueTrue,reinforcing,"[0.0, 0.667, 0.333]"
174,1669604.txt,0.0,0.0,3.0,train,030,FalseTrueFalse,reinforcing,"[0.0, 1.0, 0.0]"
175,1669851.txt,0.0,0.0,3.0,train,030,FalseTrueFalse,reinforcing,"[0.0, 1.0, 0.0]"
176,1670068.txt,0.0,2.0,1.0,train,012,FalseTrueTrue,no_effect,"[0.0, 0.333, 0.667]"
177,1670298.txt,0.0,0.0,3.0,train,030,FalseTrueFalse,reinforcing,"[0.0, 1.0, 0.0]"
178,1670339.txt,0.0,2.0,1.0,train,012,FalseTrueTrue,no_effect,"[0.0, 0.333, 0.667]"
179,1671628.txt,1.0,0.0,2.0,train,120,TrueTrueFalse,reinforcing,"[0.333, 0.667, 0.0]"
180,1671629.txt,1.0,0.0,2.0,train,120,TrueTrueFalse,reinforcing,"[0.333, 0.667, 0.0]"
181,1671831.txt,0.0,0.0,3.0,train,030,FalseTrueFalse,reinforcing,"[0.0, 1.0, 0.0]"
182,1672053.txt,1.0,1.0,1.0,train,111,TrueTrueTrue,na,"[0.333, 0.333, 0.333]"
183,1672977.txt,2.0,0.0,1.0,train,210,TrueTrueFalse,challenging,"[0.667, 0.333, 0.0]"
184,1673289.txt,0.0,0.0,3.0,train,030,FalseTrueFalse,reinforcing,"[0.0, 1.0, 0.0]"
185,1673408.txt,0.0,1.0,2.0,train,021,FalseTrueTrue,reinforcing,"[0.0, 0.667, 0.333]"
186,1673625.txt,0.0,1.0,2.0,train,021,FalseTrueTrue,reinforcing,"[0.0, 0.667, 0.333]"
187,1673631.txt,1.0,0.0,2.0,train,120,TrueTrueFalse,reinforcing,"[0.333, 0.667, 0.0]"
188,1673910.txt,0.0,0.0,3.0,train,030,FalseTrueFalse,reinforcing,"[0.0, 1.0, 0.0]"
189,1674801.txt,0.0,1.0,2.0,train,021,FalseTrueTrue,reinforcing,"[0.0, 0.667, 0.333]"
190,1674802.txt,0.0,0.0,3.0,train,030,FalseTrueFalse,reinforcing,"[0.0, 1.0, 0.0]"
191,1674881.txt,0.0,1.0,2.0,train,021,FalseTrueTrue,reinforcing,"[0.0, 0.667, 0.333]"
192,1674947.txt,1.0,0.0,2.0,train,120,TrueTrueFalse,reinforcing,"[0.333, 0.667, 0.0]"
193,1675402.txt,0.0,2.0,1.0,train,012,FalseTrueTrue,no_effect,"[0.0, 0.333, 0.667]"
194,1675619.txt,0.0,1.0,2.0,train,021,FalseTrueTrue,reinforcing,"[0.0, 0.667, 0.333]"
195,1676633.txt,0.0,0.0,3.0,train,030,FalseTrueFalse,reinforcing,"[0.0, 1.0, 0.0]"
196,1676637.txt,0.0,1.0,2.0,train,021,FalseTrueTrue,reinforcing,"[0.0, 0.667, 0.333]"
197,1676640.txt,1.0,0.0,2.0,train,120,TrueTrueFalse,reinforcing,"[0.333, 0.667, 0.0]"
198,1676758.txt,0.0,0.0,3.0,train,030,FalseTrueFalse,reinforcing,"[0.0, 1.0, 0.0]"
199,1676761.txt,1.0,0.0,2.0,train,120,TrueTrueFalse,reinforcing,"[0.333, 0.667, 0.0]"
200,1677057.txt,0.0,1.0,2.0,train,021,FalseTrueTrue,reinforcing,"[0.0, 0.667, 0.333]"
201,1677322.txt,0.0,1.0,2.0,train,021,FalseTrueTrue,reinforcing,"[0.0, 0.667, 0.333]"
202,1677325.txt,0.0,0.0,3.0,train,030,FalseTrueFalse,reinforcing,"[0.0, 1.0, 0.0]"
203,1678205.txt,0.0,0.0,3.0,train,030,FalseTrueFalse,reinforcing,"[0.0, 1.0, 0.0]"
204,1678664.txt,2.0,1.0,0.0,train,201,TrueFalseTrue,challenging,"[0.667, 0.0, 0.333]"
205,1678834.txt,1.0,1.0,1.0,train,111,TrueTrueTrue,na,"[0.333, 0.333, 0.333]"
206,1679927.txt,0.0,0.0,3.0,train,030,FalseTrueFalse,reinforcing,"[0.0, 1.0, 0.0]"
207,1680131.txt,0.0,1.0,2.0,train,021,FalseTrueTrue,reinforcing,"[0.0, 0.667, 0.333]"
208,1680345.txt,0.0,0.0,3.0,train,030,FalseTrueFalse,reinforcing,"[0.0, 1.0, 0.0]"
209,1680349.txt,0.0,0.0,3.0,train,030,FalseTrueFalse,reinforcing,"[0.0, 1.0, 0.0]"
210,1680635.txt,0.0,1.0,2.0,train,021,FalseTrueTrue,reinforcing,"[0.0, 0.667, 0.333]"
211,1680636.txt,1.0,0.0,2.0,train,120,TrueTrueFalse,reinforcing,"[0.333, 0.667, 0.0]"
212,1682080.txt,0.0,3.0,0.0,train,003,FalseFalseTrue,no_effect,"[0.0, 0.0, 1.0]"
213,1682081.txt,0.0,1.0,2.0,train,021,FalseTrueTrue,reinforcing,"[0.0, 0.667, 0.333]"
214,1682337.txt,0.0,1.0,2.0,train,021,FalseTrueTrue,reinforcing,"[0.0, 0.667, 0.333]"
215,1682364.txt,0.0,0.0,3.0,train,030,FalseTrueFalse,reinforcing,"[0.0, 1.0, 0.0]"
216,1682597.txt,2.0,0.0,1.0,train,210,TrueTrueFalse,challenging,"[0.667, 0.333, 0.0]"
217,1683429.txt,1.0,0.0,2.0,train,120,TrueTrueFalse,reinforcing,"[0.333, 0.667, 0.0]"
218,1683431.txt,0.0,2.0,1.0,train,012,FalseTrueTrue,no_effect,"[0.0, 0.333, 0.667]"
219,1683506.txt,1.0,1.0,1.0,train,111,TrueTrueTrue,na,"[0.333, 0.333, 0.333]"
220,1683508.txt,0.0,0.0,3.0,train,030,FalseTrueFalse,reinforcing,"[0.0, 1.0, 0.0]"
221,1684005.txt,1.0,2.0,0.0,train,102,TrueFalseTrue,no_effect,"[0.333, 0.0, 0.667]"
222,1684006.txt,0.0,2.0,1.0,train,012,FalseTrueTrue,no_effect,"[0.0, 0.333, 0.667]"
223,1684103.txt,0.0,2.0,1.0,train,012,FalseTrueTrue,no_effect,"[0.0, 0.333, 0.667]"
224,1684108.txt,0.0,1.0,2.0,train,021,FalseTrueTrue,reinforcing,"[0.0, 0.667, 0.333]"
225,1685109.txt,0.0,0.0,3.0,train,030,FalseTrueFalse,reinforcing,"[0.0, 1.0, 0.0]"
226,1685735.txt,0.0,1.0,2.0,train,021,FalseTrueTrue,reinforcing,"[0.0, 0.667, 0.333]"
227,1685736.txt,1.0,0.0,2.0,train,120,TrueTrueFalse,reinforcing,"[0.333, 0.667, 0.0]"
228,1686578.txt,1.0,0.0,2.0,train,120,TrueTrueFalse,reinforcing,"[0.333, 0.667, 0.0]"
229,1686689.txt,2.0,0.0,1.0,train,210,TrueTrueFalse,challenging,"[0.667, 0.333, 0.0]"
230,1686919.txt,0.0,0.0,3.0,train,030,FalseTrueFalse,reinforcing,"[0.0, 1.0, 0.0]"
231,1687205.txt,1.0,1.0,1.0,train,111,TrueTrueTrue,na,"[0.333, 0.333, 0.333]"
232,1687472.txt,0.0,0.0,3.0,train,030,FalseTrueFalse,reinforcing,"[0.0, 1.0, 0.0]"
233,1688384.txt,1.0,0.0,2.0,train,120,TrueTrueFalse,reinforcing,"[0.333, 0.667, 0.0]"
234,1688606.txt,0.0,0.0,3.0,train,030,FalseTrueFalse,reinforcing,"[0.0, 1.0, 0.0]"
235,1688608.txt,0.0,0.0,3.0,train,030,FalseTrueFalse,reinforcing,"[0.0, 1.0, 0.0]"
236,1688938.txt,0.0,0.0,3.0,train,030,FalseTrueFalse,reinforcing,"[0.0, 1.0, 0.0]"
237,1688939.txt,1.0,0.0,2.0,train,120,TrueTrueFalse,reinforcing,"[0.333, 0.667, 0.0]"
238,1689126.txt,0.0,2.0,1.0,train,012,FalseTrueTrue,no_effect,"[0.0, 0.333, 0.667]"
239,1689127.txt,0.0,2.0,1.0,train,012,FalseTrueTrue,no_effect,"[0.0, 0.333, 0.667]"
240,1689974.txt,0.0,1.0,2.0,train,021,FalseTrueTrue,reinforcing,"[0.0, 0.667, 0.333]"
241,1690129.txt,2.0,1.0,0.0,train,201,TrueFalseTrue,challenging,"[0.667, 0.0, 0.333]"
242,1690131.txt,0.0,0.0,3.0,train,030,FalseTrueFalse,reinforcing,"[0.0, 1.0, 0.0]"
243,1690315.txt,0.0,0.0,3.0,train,030,FalseTrueFalse,reinforcing,"[0.0, 1.0, 0.0]"
244,1690317.txt,0.0,0.0,3.0,train,030,FalseTrueFalse,reinforcing,"[0.0, 1.0, 0.0]"
245,1690553.txt,0.0,0.0,3.0,train,030,FalseTrueFalse,reinforcing,"[0.0, 1.0, 0.0]"
246,1690554.txt,0.0,2.0,1.0,train,012,FalseTrueTrue,no_effect,"[0.0, 0.333, 0.667]"
247,1690824.txt,0.0,2.0,1.0,train,012,FalseTrueTrue,no_effect,"[0.0, 0.333, 0.667]"
248,1690826.txt,0.0,1.0,2.0,train,021,FalseTrueTrue,reinforcing,"[0.0, 0.667, 0.333]"
249,1691684.txt,0.0,0.0,3.0,train,030,FalseTrueFalse,reinforcing,"[0.0, 1.0, 0.0]"
250,1691686.txt,0.0,0.0,3.0,train,030,FalseTrueFalse,reinforcing,"[0.0, 1.0, 0.0]"
251,1691840.txt,0.0,1.0,2.0,train,021,FalseTrueTrue,reinforcing,"[0.0, 0.667, 0.333]"
252,1691841.txt,3.0,0.0,0.0,train,300,TrueFalseFalse,challenging,"[1.0, 0.0, 0.0]"
253,1692082.txt,0.0,0.0,3.0,train,030,FalseTrueFalse,reinforcing,"[0.0, 1.0, 0.0]"
254,1692083.txt,1.0,2.0,0.0,train,102,TrueFalseTrue,no_effect,"[0.333, 0.0, 0.667]"
255,1692293.txt,0.0,0.0,3.0,train,030,FalseTrueFalse,reinforcing,"[0.0, 1.0, 0.0]"
256,1692296.txt,0.0,1.0,2.0,train,021,FalseTrueTrue,reinforcing,"[0.0, 0.667, 0.333]"
257,1692524.txt,1.0,0.0,2.0,train,120,TrueTrueFalse,reinforcing,"[0.333, 0.667, 0.0]"
258,1693488.txt,0.0,0.0,3.0,train,030,FalseTrueFalse,reinforcing,"[0.0, 1.0, 0.0]"
259,1693703.txt,0.0,2.0,1.0,train,012,FalseTrueTrue,no_effect,"[0.0, 0.333, 0.667]"
260,1693956.txt,0.0,0.0,3.0,train,030,FalseTrueFalse,reinforcing,"[0.0, 1.0, 0.0]"
261,1694155.txt,0.0,0.0,3.0,train,030,FalseTrueFalse,reinforcing,"[0.0, 1.0, 0.0]"
262,1694157.txt,0.0,1.0,2.0,train,021,FalseTrueTrue,reinforcing,"[0.0, 0.667, 0.333]"
263,1695022.txt,0.0,1.0,2.0,train,021,FalseTrueTrue,reinforcing,"[0.0, 0.667, 0.333]"
264,1695196.txt,1.0,0.0,2.0,train,120,TrueTrueFalse,reinforcing,"[0.333, 0.667, 0.0]"
265,1695197.txt,0.0,0.0,3.0,train,030,FalseTrueFalse,reinforcing,"[0.0, 1.0, 0.0]"
266,1695398.txt,0.0,0.0,3.0,train,030,FalseTrueFalse,reinforcing,"[0.0, 1.0, 0.0]"
267,1695400.txt,0.0,2.0,1.0,train,012,FalseTrueTrue,no_effect,"[0.0, 0.333, 0.667]"
268,1695804.txt,0.0,0.0,3.0,train,030,FalseTrueFalse,reinforcing,"[0.0, 1.0, 0.0]"
269,1696966.txt,1.0,1.0,1.0,train,111,TrueTrueTrue,na,"[0.333, 0.333, 0.333]"
270,1696967.txt,0.0,1.0,2.0,train,021,FalseTrueTrue,reinforcing,"[0.0, 0.667, 0.333]"
271,1697144.txt,0.0,1.0,2.0,train,021,FalseTrueTrue,reinforcing,"[0.0, 0.667, 0.333]"
272,1697145.txt,0.0,2.0,1.0,train,012,FalseTrueTrue,no_effect,"[0.0, 0.333, 0.667]"
273,1697367.txt,0.0,1.0,2.0,train,021,FalseTrueTrue,reinforcing,"[0.0, 0.667, 0.333]"
274,1697369.txt,0.0,1.0,2.0,train,021,FalseTrueTrue,reinforcing,"[0.0, 0.667, 0.333]"
275,1698360.txt,0.0,2.0,1.0,train,012,FalseTrueTrue,no_effect,"[0.0, 0.333, 0.667]"
276,1698567.txt,1.0,1.0,1.0,train,111,TrueTrueTrue,na,"[0.333, 0.333, 0.333]"
277,1698568.txt,0.0,1.0,2.0,train,021,FalseTrueTrue,reinforcing,"[0.0, 0.667, 0.333]"
278,1698569.txt,1.0,0.0,2.0,train,120,TrueTrueFalse,reinforcing,"[0.333, 0.667, 0.0]"
279,1698793.txt,0.0,1.0,2.0,train,021,FalseTrueTrue,reinforcing,"[0.0, 0.667, 0.333]"
280,1700114.txt,0.0,0.0,3.0,train,030,FalseTrueFalse,reinforcing,"[0.0, 1.0, 0.0]"
281,1700341.txt,0.0,1.0,2.0,train,021,FalseTrueTrue,reinforcing,"[0.0, 0.667, 0.333]"
282,1700342.txt,1.0,0.0,2.0,train,120,TrueTrueFalse,reinforcing,"[0.333, 0.667, 0.0]"
283,1700343.txt,1.0,0.0,2.0,train,120,TrueTrueFalse,reinforcing,"[0.333, 0.667, 0.0]"
284,1700572.txt,0.0,2.0,1.0,train,012,FalseTrueTrue,no_effect,"[0.0, 0.333, 0.667]"
285,1700573.txt,1.0,1.0,1.0,train,111,TrueTrueTrue,na,"[0.333, 0.333, 0.333]"
286,1701533.txt,1.0,1.0,1.0,train,111,TrueTrueTrue,na,"[0.333, 0.333, 0.333]"
287,1701711.txt,1.0,0.0,2.0,train,120,TrueTrueFalse,reinforcing,"[0.333, 0.667, 0.0]"
288,1701712.txt,0.0,1.0,2.0,train,021,FalseTrueTrue,reinforcing,"[0.0, 0.667, 0.333]"
289,1702471.txt,1.0,1.0,1.0,train,111,TrueTrueTrue,na,"[0.333, 0.333, 0.333]"
290,1702472.txt,0.0,1.0,2.0,train,021,FalseTrueTrue,reinforcing,"[0.0, 0.667, 0.333]"
291,1703657.txt,0.0,0.0,3.0,train,030,FalseTrueFalse,reinforcing,"[0.0, 1.0, 0.0]"
292,1703658.txt,0.0,1.0,2.0,train,021,FalseTrueTrue,reinforcing,"[0.0, 0.667, 0.333]"
293,1703896.txt,0.0,2.0,1.0,train,012,FalseTrueTrue,no_effect,"[0.0, 0.333, 0.667]"
294,1703898.txt,0.0,0.0,3.0,train,030,FalseTrueFalse,reinforcing,"[0.0, 1.0, 0.0]"
295,1704104.txt,1.0,1.0,1.0,train,111,TrueTrueTrue,na,"[0.333, 0.333, 0.333]"
296,1704105.txt,0.0,0.0,3.0,train,030,FalseTrueFalse,reinforcing,"[0.0, 1.0, 0.0]"
297,1705552.txt,1.0,0.0,2.0,train,120,TrueTrueFalse,reinforcing,"[0.333, 0.667, 0.0]"
298,1705817.txt,0.0,3.0,0.0,train,003,FalseFalseTrue,no_effect,"[0.0, 0.0, 1.0]"
299,1706049.txt,0.0,0.0,3.0,train,030,FalseTrueFalse,reinforcing,"[0.0, 1.0, 0.0]"
300,1706936.txt,1.0,0.0,2.0,train,120,TrueTrueFalse,reinforcing,"[0.333, 0.667, 0.0]"
301,1706937.txt,0.0,1.0,2.0,train,021,FalseTrueTrue,reinforcing,"[0.0, 0.667, 0.333]"
302,1707132.txt,0.0,0.0,3.0,train,030,FalseTrueFalse,reinforcing,"[0.0, 1.0, 0.0]"
303,1707328.txt,0.0,2.0,1.0,train,012,FalseTrueTrue,no_effect,"[0.0, 0.333, 0.667]"
304,1707329.txt,1.0,0.0,2.0,train,120,TrueTrueFalse,reinforcing,"[0.333, 0.667, 0.0]"
305,1707578.txt,0.0,2.0,1.0,train,012,FalseTrueTrue,no_effect,"[0.0, 0.333, 0.667]"
306,1707871.txt,0.0,0.0,3.0,train,030,FalseTrueFalse,reinforcing,"[0.0, 1.0, 0.0]"
307,1708815.txt,0.0,1.0,2.0,train,021,FalseTrueTrue,reinforcing,"[0.0, 0.667, 0.333]"
308,1708890.txt,1.0,1.0,1.0,train,111,TrueTrueTrue,na,"[0.333, 0.333, 0.333]"
309,1709092.txt,2.0,1.0,0.0,train,201,TrueFalseTrue,challenging,"[0.667, 0.0, 0.333]"
310,1709093.txt,0.0,0.0,3.0,train,030,FalseTrueFalse,reinforcing,"[0.0, 1.0, 0.0]"
311,1709518.txt,0.0,0.0,3.0,train,030,FalseTrueFalse,reinforcing,"[0.0, 1.0, 0.0]"
312,1710401.txt,1.0,1.0,1.0,train,111,TrueTrueTrue,na,"[0.333, 0.333, 0.333]"
313,1710557.txt,0.0,1.0,2.0,train,021,FalseTrueTrue,reinforcing,"[0.0, 0.667, 0.333]"
314,1710558.txt,0.0,0.0,3.0,train,030,FalseTrueFalse,reinforcing,"[0.0, 1.0, 0.0]"
315,1710559.txt,0.0,1.0,2.0,train,021,FalseTrueTrue,reinforcing,"[0.0, 0.667, 0.333]"
316,1710770.txt,0.0,0.0,3.0,train,030,FalseTrueFalse,reinforcing,"[0.0, 1.0, 0.0]"
317,1711254.txt,0.0,2.0,1.0,train,012,FalseTrueTrue,no_effect,"[0.0, 0.333, 0.667]"
318,1712276.txt,0.0,3.0,0.0,train,003,FalseFalseTrue,no_effect,"[0.0, 0.0, 1.0]"
319,1712278.txt,0.0,2.0,1.0,train,012,FalseTrueTrue,no_effect,"[0.0, 0.333, 0.667]"
320,1712751.txt,0.0,2.0,1.0,train,012,FalseTrueTrue,no_effect,"[0.0, 0.333, 0.667]"
321,1712752.txt,0.0,1.0,2.0,train,021,FalseTrueTrue,reinforcing,"[0.0, 0.667, 0.333]"
322,1713042.txt,1.0,0.0,2.0,train,120,TrueTrueFalse,reinforcing,"[0.333, 0.667, 0.0]"
323,1713893.txt,0.0,0.0,3.0,train,030,FalseTrueFalse,reinforcing,"[0.0, 1.0, 0.0]"
324,1714337.txt,2.0,0.0,1.0,train,210,TrueTrueFalse,challenging,"[0.667, 0.333, 0.0]"
325,1714808.txt,3.0,0.0,0.0,train,300,TrueFalseFalse,challenging,"[1.0, 0.0, 0.0]"
326,1715766.txt,1.0,0.0,2.0,train,120,TrueTrueFalse,reinforcing,"[0.333, 0.667, 0.0]"
327,1715949.txt,0.0,0.0,3.0,train,030,FalseTrueFalse,reinforcing,"[0.0, 1.0, 0.0]"
328,1716223.txt,1.0,1.0,1.0,train,111,TrueTrueTrue,na,"[0.333, 0.333, 0.333]"
329,1716224.txt,2.0,0.0,1.0,train,210,TrueTrueFalse,challenging,"[0.667, 0.333, 0.0]"
330,1716396.txt,0.0,1.0,2.0,train,021,FalseTrueTrue,reinforcing,"[0.0, 0.667, 0.333]"
331,1716685.txt,1.0,1.0,1.0,train,111,TrueTrueTrue,na,"[0.333, 0.333, 0.333]"
332,1716687.txt,0.0,0.0,3.0,train,030,FalseTrueFalse,reinforcing,"[0.0, 1.0, 0.0]"
333,1717576.txt,0.0,1.0,2.0,train,021,FalseTrueTrue,reinforcing,"[0.0, 0.667, 0.333]"
334,1718227.txt,0.0,1.0,2.0,train,021,FalseTrueTrue,reinforcing,"[0.0, 0.667, 0.333]"
335,1718228.txt,0.0,1.0,2.0,train,021,FalseTrueTrue,reinforcing,"[0.0, 0.667, 0.333]"
336,1718469.txt,0.0,0.0,3.0,train,030,FalseTrueFalse,reinforcing,"[0.0, 1.0, 0.0]"
337,1719368.txt,0.0,1.0,2.0,train,021,FalseTrueTrue,reinforcing,"[0.0, 0.667, 0.333]"
338,1719545.txt,0.0,1.0,2.0,train,021,FalseTrueTrue,reinforcing,"[0.0, 0.667, 0.333]"
339,1719547.txt,0.0,1.0,2.0,train,021,FalseTrueTrue,reinforcing,"[0.0, 0.667, 0.333]"
340,1719768.txt,0.0,0.0,3.0,train,030,FalseTrueFalse,reinforcing,"[0.0, 1.0, 0.0]"
341,1720894.txt,0.0,2.0,1.0,train,012,FalseTrueTrue,no_effect,"[0.0, 0.333, 0.667]"
342,1721070.txt,0.0,0.0,3.0,train,030,FalseTrueFalse,reinforcing,"[0.0, 1.0, 0.0]"
343,1721282.txt,1.0,1.0,1.0,train,111,TrueTrueTrue,na,"[0.333, 0.333, 0.333]"
344,1721283.txt,0.0,2.0,1.0,train,012,FalseTrueTrue,no_effect,"[0.0, 0.333, 0.667]"
345,1721721.txt,1.0,1.0,1.0,train,111,TrueTrueTrue,na,"[0.333, 0.333, 0.333]"
346,1721722.txt,0.0,1.0,2.0,train,021,FalseTrueTrue,reinforcing,"[0.0, 0.667, 0.333]"
347,1722640.txt,1.0,0.0,2.0,train,120,TrueTrueFalse,reinforcing,"[0.333, 0.667, 0.0]"
348,1722828.txt,0.0,1.0,2.0,train,021,FalseTrueTrue,reinforcing,"[0.0, 0.667, 0.333]"
349,1723264.txt,0.0,1.0,2.0,train,021,FalseTrueTrue,reinforcing,"[0.0, 0.667, 0.333]"
350,1723471.txt,0.0,0.0,3.0,train,030,FalseTrueFalse,reinforcing,"[0.0, 1.0, 0.0]"
351,1724607.txt,0.0,0.0,3.0,train,030,FalseTrueFalse,reinforcing,"[0.0, 1.0, 0.0]"
352,1725082.txt,1.0,1.0,1.0,train,111,TrueTrueTrue,na,"[0.333, 0.333, 0.333]"
353,1725310.txt,1.0,0.0,2.0,train,120,TrueTrueFalse,reinforcing,"[0.333, 0.667, 0.0]"
354,1725312.txt,1.0,1.0,1.0,train,111,TrueTrueTrue,na,"[0.333, 0.333, 0.333]"
355,1726107.txt,0.0,0.0,3.0,train,030,FalseTrueFalse,reinforcing,"[0.0, 1.0, 0.0]"
356,1726295.txt,0.0,0.0,3.0,train,030,FalseTrueFalse,reinforcing,"[0.0, 1.0, 0.0]"
357,1726502.txt,1.0,1.0,1.0,train,111,TrueTrueTrue,na,"[0.333, 0.333, 0.333]"
358,1726505.txt,0.0,1.0,2.0,train,021,FalseTrueTrue,reinforcing,"[0.0, 0.667, 0.333]"
359,1726728.txt,0.0,1.0,2.0,train,021,FalseTrueTrue,reinforcing,"[0.0, 0.667, 0.333]"
360,1726912.txt,1.0,0.0,2.0,train,120,TrueTrueFalse,reinforcing,"[0.333, 0.667, 0.0]"
361,1726913.txt,0.0,0.0,3.0,train,030,FalseTrueFalse,reinforcing,"[0.0, 1.0, 0.0]"
362,1727837.txt,0.0,0.0,3.0,train,030,FalseTrueFalse,reinforcing,"[0.0, 1.0, 0.0]"
363,1736948.txt,0.0,0.0,3.0,train,030,FalseTrueFalse,reinforcing,"[0.0, 1.0, 0.0]"
364,1737001.txt,0.0,2.0,1.0,train,012,FalseTrueTrue,no_effect,"[0.0, 0.333, 0.667]"
365,1737394.txt,0.0,1.0,2.0,train,021,FalseTrueTrue,reinforcing,"[0.0, 0.667, 0.333]"
366,1737396.txt,0.0,0.0,3.0,train,030,FalseTrueFalse,reinforcing,"[0.0, 1.0, 0.0]"
367,1738759.txt,1.0,1.0,1.0,train,111,TrueTrueTrue,na,"[0.333, 0.333, 0.333]"
368,1738760.txt,0.0,0.0,3.0,train,030,FalseTrueFalse,reinforcing,"[0.0, 1.0, 0.0]"
369,1740531.txt,0.0,0.0,3.0,train,030,FalseTrueFalse,reinforcing,"[0.0, 1.0, 0.0]"
370,1740534.txt,0.0,2.0,1.0,train,012,FalseTrueTrue,no_effect,"[0.0, 0.333, 0.667]"
371,1741150.txt,1.0,0.0,2.0,train,120,TrueTrueFalse,reinforcing,"[0.333, 0.667, 0.0]"
372,1741151.txt,0.0,0.0,3.0,train,030,FalseTrueFalse,reinforcing,"[0.0, 1.0, 0.0]"
373,1742594.txt,0.0,2.0,1.0,train,012,FalseTrueTrue,no_effect,"[0.0, 0.333, 0.667]"
374,1742656.txt,0.0,0.0,3.0,train,030,FalseTrueFalse,reinforcing,"[0.0, 1.0, 0.0]"
375,1742722.txt,0.0,0.0,3.0,train,030,FalseTrueFalse,reinforcing,"[0.0, 1.0, 0.0]"
376,1744037.txt,0.0,0.0,3.0,train,030,FalseTrueFalse,reinforcing,"[0.0, 1.0, 0.0]"
377,1744408.txt,1.0,0.0,2.0,train,120,TrueTrueFalse,reinforcing,"[0.333, 0.667, 0.0]"
378,1744435.txt,1.0,1.0,1.0,train,111,TrueTrueTrue,na,"[0.333, 0.333, 0.333]"
379,1744436.txt,0.0,1.0,2.0,train,021,FalseTrueTrue,reinforcing,"[0.0, 0.667, 0.333]"
380,1745746.txt,1.0,0.0,2.0,train,120,TrueTrueFalse,reinforcing,"[0.333, 0.667, 0.0]"
381,1745747.txt,0.0,1.0,2.0,train,021,FalseTrueTrue,reinforcing,"[0.0, 0.667, 0.333]"
382,1746264.txt,0.0,0.0,3.0,train,030,FalseTrueFalse,reinforcing,"[0.0, 1.0, 0.0]"
383,1747588.txt,0.0,2.0,1.0,train,012,FalseTrueTrue,no_effect,"[0.0, 0.333, 0.667]"
384,1747589.txt,1.0,1.0,1.0,train,111,TrueTrueTrue,na,"[0.333, 0.333, 0.333]"
385,1747905.txt,0.0,2.0,1.0,train,012,FalseTrueTrue,no_effect,"[0.0, 0.333, 0.667]"
386,1747944.txt,1.0,0.0,2.0,train,120,TrueTrueFalse,reinforcing,"[0.333, 0.667, 0.0]"
387,1748065.txt,0.0,3.0,0.0,train,003,FalseFalseTrue,no_effect,"[0.0, 0.0, 1.0]"
388,1749347.txt,0.0,2.0,1.0,train,012,FalseTrueTrue,no_effect,"[0.0, 0.333, 0.667]"
389,1749651.txt,1.0,1.0,1.0,train,111,TrueTrueTrue,na,"[0.333, 0.333, 0.333]"
390,1749674.txt,0.0,0.0,3.0,train,030,FalseTrueFalse,reinforcing,"[0.0, 1.0, 0.0]"
391,1749766.txt,0.0,1.0,2.0,train,021,FalseTrueTrue,reinforcing,"[0.0, 0.667, 0.333]"
392,1749767.txt,1.0,0.0,2.0,train,120,TrueTrueFalse,reinforcing,"[0.333, 0.667, 0.0]"
393,1749823.txt,1.0,0.0,2.0,train,120,TrueTrueFalse,reinforcing,"[0.333, 0.667, 0.0]"
394,1751073.txt,1.0,0.0,2.0,train,120,TrueTrueFalse,reinforcing,"[0.333, 0.667, 0.0]"
395,1751076.txt,0.0,3.0,0.0,train,003,FalseFalseTrue,no_effect,"[0.0, 0.0, 1.0]"
396,1751451.txt,0.0,1.0,2.0,train,021,FalseTrueTrue,reinforcing,"[0.0, 0.667, 0.333]"
397,1751587.txt,0.0,1.0,2.0,train,021,FalseTrueTrue,reinforcing,"[0.0, 0.667, 0.333]"
398,1752831.txt,0.0,1.0,2.0,train,021,FalseTrueTrue,reinforcing,"[0.0, 0.667, 0.333]"
399,1753129.txt,2.0,0.0,1.0,train,210,TrueTrueFalse,challenging,"[0.667, 0.333, 0.0]"
400,1753130.txt,1.0,0.0,2.0,train,120,TrueTrueFalse,reinforcing,"[0.333, 0.667, 0.0]"
401,1753151.txt,0.0,0.0,3.0,train,030,FalseTrueFalse,reinforcing,"[0.0, 1.0, 0.0]"
402,1753168.txt,0.0,2.0,1.0,train,012,FalseTrueTrue,no_effect,"[0.0, 0.333, 0.667]"
403,1753262.txt,0.0,1.0,2.0,train,021,FalseTrueTrue,reinforcing,"[0.0, 0.667, 0.333]"
404,1753263.txt,1.0,0.0,2.0,train,120,TrueTrueFalse,reinforcing,"[0.333, 0.667, 0.0]"
405,1754523.txt,3.0,0.0,0.0,train,300,TrueFalseFalse,challenging,"[1.0, 0.0, 0.0]"
406,1754722.txt,1.0,1.0,1.0,train,111,TrueTrueTrue,na,"[0.333, 0.333, 0.333]"
407,1754723.txt,1.0,0.0,2.0,train,120,TrueTrueFalse,reinforcing,"[0.333, 0.667, 0.0]"
408,1754767.txt,0.0,0.0,3.0,train,030,FalseTrueFalse,reinforcing,"[0.0, 1.0, 0.0]"
409,1755048.txt,0.0,0.0,3.0,train,030,FalseTrueFalse,reinforcing,"[0.0, 1.0, 0.0]"
410,1756113.txt,1.0,1.0,1.0,train,111,TrueTrueTrue,na,"[0.333, 0.333, 0.333]"
411,1756361.txt,0.0,0.0,3.0,train,030,FalseTrueFalse,reinforcing,"[0.0, 1.0, 0.0]"
412,1756362.txt,0.0,0.0,3.0,train,030,FalseTrueFalse,reinforcing,"[0.0, 1.0, 0.0]"
413,1756401.txt,0.0,0.0,3.0,train,030,FalseTrueFalse,reinforcing,"[0.0, 1.0, 0.0]"
414,1756402.txt,0.0,0.0,3.0,train,030,FalseTrueFalse,reinforcing,"[0.0, 1.0, 0.0]"
415,1756489.txt,0.0,0.0,3.0,train,030,FalseTrueFalse,reinforcing,"[0.0, 1.0, 0.0]"
416,1757854.txt,0.0,2.0,1.0,train,012,FalseTrueTrue,no_effect,"[0.0, 0.333, 0.667]"
417,1758107.txt,0.0,1.0,2.0,train,021,FalseTrueTrue,reinforcing,"[0.0, 0.667, 0.333]"
418,1758108.txt,0.0,2.0,1.0,train,012,FalseTrueTrue,no_effect,"[0.0, 0.333, 0.667]"
419,1758149.txt,0.0,0.0,3.0,train,030,FalseTrueFalse,reinforcing,"[0.0, 1.0, 0.0]"
420,1758221.txt,0.0,0.0,3.0,train,030,FalseTrueFalse,reinforcing,"[0.0, 1.0, 0.0]"
421,1758222.txt,0.0,0.0,3.0,train,030,FalseTrueFalse,reinforcing,"[0.0, 1.0, 0.0]"
422,1758258.txt,0.0,2.0,1.0,train,012,FalseTrueTrue,no_effect,"[0.0, 0.333, 0.667]"
423,1759538.txt,0.0,1.0,2.0,train,021,FalseTrueTrue,reinforcing,"[0.0, 0.667, 0.333]"
424,1759539.txt,0.0,2.0,1.0,train,012,FalseTrueTrue,no_effect,"[0.0, 0.333, 0.667]"
425,1759833.txt,0.0,0.0,3.0,train,030,FalseTrueFalse,reinforcing,"[0.0, 1.0, 0.0]"
426,1759853.txt,0.0,0.0,3.0,train,030,FalseTrueFalse,reinforcing,"[0.0, 1.0, 0.0]"
427,1759881.txt,1.0,2.0,0.0,train,102,TrueFalseTrue,no_effect,"[0.333, 0.0, 0.667]"
428,1759956.txt,0.0,0.0,3.0,train,030,FalseTrueFalse,reinforcing,"[0.0, 1.0, 0.0]"
429,1760006.txt,0.0,0.0,3.0,train,030,FalseTrueFalse,reinforcing,"[0.0, 1.0, 0.0]"
430,1761247.txt,0.0,0.0,3.0,train,030,FalseTrueFalse,reinforcing,"[0.0, 1.0, 0.0]"
431,1761531.txt,0.0,1.0,2.0,train,021,FalseTrueTrue,reinforcing,"[0.0, 0.667, 0.333]"
432,1761532.txt,0.0,1.0,2.0,train,021,FalseTrueTrue,reinforcing,"[0.0, 0.667, 0.333]"
433,1761556.txt,0.0,2.0,1.0,train,012,FalseTrueTrue,no_effect,"[0.0, 0.333, 0.667]"
434,1761661.txt,0.0,0.0,3.0,train,030,FalseTrueFalse,reinforcing,"[0.0, 1.0, 0.0]"
435,1761706.txt,1.0,1.0,1.0,train,111,TrueTrueTrue,na,"[0.333, 0.333, 0.333]"
436,1761788.txt,0.0,1.0,2.0,train,021,FalseTrueTrue,reinforcing,"[0.0, 0.667, 0.333]"
437,1762962.txt,1.0,1.0,1.0,train,111,TrueTrueTrue,na,"[0.333, 0.333, 0.333]"
438,1762963.txt,0.0,0.0,3.0,train,030,FalseTrueFalse,reinforcing,"[0.0, 1.0, 0.0]"
439,1763302.txt,1.0,1.0,1.0,train,111,TrueTrueTrue,na,"[0.333, 0.333, 0.333]"
440,1764594.txt,1.0,0.0,2.0,train,120,TrueTrueFalse,reinforcing,"[0.333, 0.667, 0.0]"
441,1764595.txt,1.0,1.0,1.0,train,111,TrueTrueTrue,na,"[0.333, 0.333, 0.333]"
442,1764885.txt,1.0,1.0,1.0,train,111,TrueTrueTrue,na,"[0.333, 0.333, 0.333]"
443,1764904.txt,0.0,3.0,0.0,train,003,FalseFalseTrue,no_effect,"[0.0, 0.0, 1.0]"
444,1764993.txt,0.0,0.0,3.0,train,030,FalseTrueFalse,reinforcing,"[0.0, 1.0, 0.0]"
445,1765021.txt,0.0,0.0,3.0,train,030,FalseTrueFalse,reinforcing,"[0.0, 1.0, 0.0]"
446,1766213.txt,0.0,1.0,2.0,train,021,FalseTrueTrue,reinforcing,"[0.0, 0.667, 0.333]"
447,1766214.txt,2.0,1.0,0.0,train,201,TrueFalseTrue,challenging,"[0.667, 0.0, 0.333]"
448,1766546.txt,0.0,1.0,2.0,train,021,FalseTrueTrue,reinforcing,"[0.0, 0.667, 0.333]"
449,1766581.txt,1.0,1.0,1.0,train,111,TrueTrueTrue,na,"[0.333, 0.333, 0.333]"
450,1766604.txt,0.0,1.0,2.0,train,021,FalseTrueTrue,reinforcing,"[0.0, 0.667, 0.333]"
451,1766684.txt,0.0,1.0,2.0,train,021,FalseTrueTrue,reinforcing,"[0.0, 0.667, 0.333]"
452,1766720.txt,1.0,1.0,1.0,train,111,TrueTrueTrue,na,"[0.333, 0.333, 0.333]"
453,1767931.txt,0.0,1.0,2.0,train,021,FalseTrueTrue,reinforcing,"[0.0, 0.667, 0.333]"
454,1767932.txt,0.0,0.0,3.0,train,030,FalseTrueFalse,reinforcing,"[0.0, 1.0, 0.0]"
455,1768173.txt,0.0,3.0,0.0,train,003,FalseFalseTrue,no_effect,"[0.0, 0.0, 1.0]"
456,1768174.txt,0.0,0.0,3.0,train,030,FalseTrueFalse,reinforcing,"[0.0, 1.0, 0.0]"
457,1768201.txt,0.0,1.0,2.0,train,021,FalseTrueTrue,reinforcing,"[0.0, 0.667, 0.333]"
458,1768230.txt,0.0,0.0,3.0,train,030,FalseTrueFalse,reinforcing,"[0.0, 1.0, 0.0]"
459,1768328.txt,0.0,2.0,1.0,train,012,FalseTrueTrue,no_effect,"[0.0, 0.333, 0.667]"
460,1768329.txt,1.0,2.0,0.0,train,102,TrueFalseTrue,no_effect,"[0.333, 0.0, 0.667]"
461,1768473.txt,0.0,1.0,2.0,train,021,FalseTrueTrue,reinforcing,"[0.0, 0.667, 0.333]"
462,1769625.txt,2.0,0.0,1.0,train,210,TrueTrueFalse,challenging,"[0.667, 0.333, 0.0]"
463,1769942.txt,2.0,1.0,0.0,train,201,TrueFalseTrue,challenging,"[0.667, 0.0, 0.333]"
464,1770168.txt,0.0,0.0,3.0,train,030,FalseTrueFalse,reinforcing,"[0.0, 1.0, 0.0]"
465,1771313.txt,0.0,1.0,2.0,train,021,FalseTrueTrue,reinforcing,"[0.0, 0.667, 0.333]"
466,1771348.txt,0.0,2.0,1.0,train,012,FalseTrueTrue,no_effect,"[0.0, 0.333, 0.667]"
467,1771560.txt,1.0,2.0,0.0,train,102,TrueFalseTrue,no_effect,"[0.333, 0.0, 0.667]"
468,1771580.txt,1.0,0.0,2.0,train,120,TrueTrueFalse,reinforcing,"[0.333, 0.667, 0.0]"
469,1771676.txt,2.0,0.0,1.0,train,210,TrueTrueFalse,challenging,"[0.667, 0.333, 0.0]"
470,1771677.txt,0.0,0.0,3.0,train,030,FalseTrueFalse,reinforcing,"[0.0, 1.0, 0.0]"
471,1772322.txt,1.0,1.0,1.0,train,111,TrueTrueTrue,na,"[0.333, 0.333, 0.333]"
472,1773178.txt,0.0,0.0,3.0,train,030,FalseTrueFalse,reinforcing,"[0.0, 1.0, 0.0]"
473,1773203.txt,0.0,0.0,3.0,train,030,FalseTrueFalse,reinforcing,"[0.0, 1.0, 0.0]"
474,1773206.txt,1.0,0.0,2.0,train,120,TrueTrueFalse,reinforcing,"[0.333, 0.667, 0.0]"
475,1773216.txt,0.0,0.0,3.0,train,030,FalseTrueFalse,reinforcing,"[0.0, 1.0, 0.0]"
476,1773217.txt,0.0,2.0,1.0,train,012,FalseTrueTrue,no_effect,"[0.0, 0.333, 0.667]"
477,1773316.txt,0.0,1.0,2.0,train,021,FalseTrueTrue,reinforcing,"[0.0, 0.667, 0.333]"
478,1773358.txt,1.0,1.0,1.0,train,111,TrueTrueTrue,na,"[0.333, 0.333, 0.333]"
479,1773359.txt,1.0,0.0,2.0,train,120,TrueTrueFalse,reinforcing,"[0.333, 0.667, 0.0]"
480,1773449.txt,3.0,0.0,0.0,train,300,TrueFalseFalse,challenging,"[1.0, 0.0, 0.0]"
481,1773716.txt,0.0,0.0,3.0,train,030,FalseTrueFalse,reinforcing,"[0.0, 1.0, 0.0]"
482,1774424.txt,0.0,0.0,3.0,train,030,FalseTrueFalse,reinforcing,"[0.0, 1.0, 0.0]"
483,1774425.txt,1.0,0.0,2.0,train,120,TrueTrueFalse,reinforcing,"[0.333, 0.667, 0.0]"
484,1774692.txt,0.0,1.0,2.0,train,021,FalseTrueTrue,reinforcing,"[0.0, 0.667, 0.333]"
485,1774725.txt,0.0,1.0,2.0,train,021,FalseTrueTrue,reinforcing,"[0.0, 0.667, 0.333]"
486,1774836.txt,0.0,0.0,3.0,train,030,FalseTrueFalse,reinforcing,"[0.0, 1.0, 0.0]"
487,1774892.txt,1.0,0.0,2.0,train,120,TrueTrueFalse,reinforcing,"[0.333, 0.667, 0.0]"
488,1774986.txt,0.0,0.0,3.0,train,030,FalseTrueFalse,reinforcing,"[0.0, 1.0, 0.0]"
489,1775995.txt,0.0,0.0,3.0,train,030,FalseTrueFalse,reinforcing,"[0.0, 1.0, 0.0]"
490,1776043.txt,0.0,0.0,3.0,train,030,FalseTrueFalse,reinforcing,"[0.0, 1.0, 0.0]"
491,1776285.txt,0.0,1.0,2.0,train,021,FalseTrueTrue,reinforcing,"[0.0, 0.667, 0.333]"
492,1776311.txt,1.0,0.0,2.0,train,120,TrueTrueFalse,reinforcing,"[0.333, 0.667, 0.0]"
493,1776397.txt,0.0,0.0,3.0,train,030,FalseTrueFalse,reinforcing,"[0.0, 1.0, 0.0]"
494,1776534.txt,1.0,1.0,1.0,train,111,TrueTrueTrue,na,"[0.333, 0.333, 0.333]"
495,1777601.txt,0.0,0.0,3.0,train,030,FalseTrueFalse,reinforcing,"[0.0, 1.0, 0.0]"
496,1777602.txt,0.0,1.0,2.0,train,021,FalseTrueTrue,reinforcing,"[0.0, 0.667, 0.333]"
497,1777825.txt,1.0,2.0,0.0,train,102,TrueFalseTrue,no_effect,"[0.333, 0.0, 0.667]"
498,1777850.txt,0.0,0.0,3.0,train,030,FalseTrueFalse,reinforcing,"[0.0, 1.0, 0.0]"
499,1777981.txt,0.0,0.0,3.0,train,030,FalseTrueFalse,reinforcing,"[0.0, 1.0, 0.0]"
500,1779139.txt,0.0,1.0,2.0,train,021,FalseTrueTrue,reinforcing,"[0.0, 0.667, 0.333]"
501,1779140.txt,1.0,0.0,2.0,train,120,TrueTrueFalse,reinforcing,"[0.333, 0.667, 0.0]"
502,1779412.txt,0.0,1.0,2.0,train,021,FalseTrueTrue,reinforcing,"[0.0, 0.667, 0.333]"
503,1779419.txt,0.0,2.0,1.0,train,012,FalseTrueTrue,no_effect,"[0.0, 0.333, 0.667]"
504,1779460.txt,1.0,1.0,1.0,train,111,TrueTrueTrue,na,"[0.333, 0.333, 0.333]"
505,1779481.txt,1.0,1.0,1.0,train,111,TrueTrueTrue,na,"[0.333, 0.333, 0.333]"
506,1779616.txt,0.0,0.0,3.0,train,030,FalseTrueFalse,reinforcing,"[0.0, 1.0, 0.0]"
507,1779705.txt,0.0,1.0,2.0,train,021,FalseTrueTrue,reinforcing,"[0.0, 0.667, 0.333]"
508,1780714.txt,0.0,1.0,2.0,train,021,FalseTrueTrue,reinforcing,"[0.0, 0.667, 0.333]"
509,1780954.txt,2.0,1.0,0.0,train,201,TrueFalseTrue,challenging,"[0.667, 0.0, 0.333]"
510,1781005.txt,0.0,2.0,1.0,train,012,FalseTrueTrue,no_effect,"[0.0, 0.333, 0.667]"
511,1781023.txt,0.0,2.0,1.0,train,012,FalseTrueTrue,no_effect,"[0.0, 0.333, 0.667]"
512,1781166.txt,1.0,1.0,1.0,train,111,TrueTrueTrue,na,"[0.333, 0.333, 0.333]"
513,1782256.txt,0.0,1.0,2.0,train,021,FalseTrueTrue,reinforcing,"[0.0, 0.667, 0.333]"
514,1782257.txt,0.0,2.0,1.0,train,012,FalseTrueTrue,no_effect,"[0.0, 0.333, 0.667]"
515,1782493.txt,0.0,1.0,2.0,train,021,FalseTrueTrue,reinforcing,"[0.0, 0.667, 0.333]"
516,1782494.txt,0.0,1.0,2.0,train,021,FalseTrueTrue,reinforcing,"[0.0, 0.667, 0.333]"
517,1782545.txt,0.0,2.0,1.0,train,012,FalseTrueTrue,no_effect,"[0.0, 0.333, 0.667]"
518,1782546.txt,0.0,0.0,3.0,train,030,FalseTrueFalse,reinforcing,"[0.0, 1.0, 0.0]"
519,1782574.txt,0.0,0.0,3.0,train,030,FalseTrueFalse,reinforcing,"[0.0, 1.0, 0.0]"
520,1782671.txt,0.0,2.0,1.0,train,012,FalseTrueTrue,no_effect,"[0.0, 0.333, 0.667]"
521,1782704.txt,1.0,1.0,1.0,train,111,TrueTrueTrue,na,"[0.333, 0.333, 0.333]"
522,1783805.txt,0.0,1.0,2.0,train,021,FalseTrueTrue,reinforcing,"[0.0, 0.667, 0.333]"
523,1783806.txt,0.0,0.0,3.0,train,030,FalseTrueFalse,reinforcing,"[0.0, 1.0, 0.0]"
524,1784054.txt,1.0,1.0,1.0,train,111,TrueTrueTrue,na,"[0.333, 0.333, 0.333]"
525,1784075.txt,0.0,1.0,2.0,train,021,FalseTrueTrue,reinforcing,"[0.0, 0.667, 0.333]"
526,1784097.txt,1.0,0.0,2.0,train,120,TrueTrueFalse,reinforcing,"[0.333, 0.667, 0.0]"
527,1784193.txt,0.0,3.0,0.0,train,003,FalseFalseTrue,no_effect,"[0.0, 0.0, 1.0]"
528,1785629.txt,0.0,1.0,2.0,train,021,FalseTrueTrue,reinforcing,"[0.0, 0.667, 0.333]"
529,1785665.txt,0.0,1.0,2.0,train,021,FalseTrueTrue,reinforcing,"[0.0, 0.667, 0.333]"
530,1785685.txt,0.0,0.0,3.0,train,030,FalseTrueFalse,reinforcing,"[0.0, 1.0, 0.0]"
531,1785713.txt,1.0,0.0,2.0,train,120,TrueTrueFalse,reinforcing,"[0.333, 0.667, 0.0]"
532,1785806.txt,0.0,2.0,1.0,train,012,FalseTrueTrue,no_effect,"[0.0, 0.333, 0.667]"
533,1785808.txt,0.0,1.0,2.0,train,021,FalseTrueTrue,reinforcing,"[0.0, 0.667, 0.333]"
534,1785853.txt,1.0,0.0,2.0,train,120,TrueTrueFalse,reinforcing,"[0.333, 0.667, 0.0]"
535,1785854.txt,0.0,1.0,2.0,train,021,FalseTrueTrue,reinforcing,"[0.0, 0.667, 0.333]"
536,1786908.txt,1.0,1.0,1.0,train,111,TrueTrueTrue,na,"[0.333, 0.333, 0.333]"
537,1786910.txt,0.0,2.0,1.0,train,012,FalseTrueTrue,no_effect,"[0.0, 0.333, 0.667]"
538,1787181.txt,0.0,0.0,3.0,train,030,FalseTrueFalse,reinforcing,"[0.0, 1.0, 0.0]"
539,1787182.txt,0.0,1.0,2.0,train,021,FalseTrueTrue,reinforcing,"[0.0, 0.667, 0.333]"
540,1787209.txt,2.0,0.0,1.0,train,210,TrueTrueFalse,challenging,"[0.667, 0.333, 0.0]"
541,1787226.txt,0.0,1.0,2.0,train,021,FalseTrueTrue,reinforcing,"[0.0, 0.667, 0.333]"
542,1787227.txt,0.0,0.0,3.0,train,030,FalseTrueFalse,reinforcing,"[0.0, 1.0, 0.0]"
543,1787251.txt,0.0,1.0,2.0,train,021,FalseTrueTrue,reinforcing,"[0.0, 0.667, 0.333]"
544,1787348.txt,1.0,0.0,2.0,train,120,TrueTrueFalse,reinforcing,"[0.333, 0.667, 0.0]"
545,1787570.txt,1.0,1.0,1.0,train,111,TrueTrueTrue,na,"[0.333, 0.333, 0.333]"
546,1788489.txt,0.0,0.0,3.0,train,030,FalseTrueFalse,reinforcing,"[0.0, 1.0, 0.0]"
547,1788800.txt,0.0,1.0,2.0,train,021,FalseTrueTrue,reinforcing,"[0.0, 0.667, 0.333]"
548,1788850.txt,0.0,1.0,2.0,train,021,FalseTrueTrue,reinforcing,"[0.0, 0.667, 0.333]"
549,1788851.txt,0.0,0.0,3.0,train,030,FalseTrueFalse,reinforcing,"[0.0, 1.0, 0.0]"
550,1788866.txt,0.0,1.0,2.0,train,021,FalseTrueTrue,reinforcing,"[0.0, 0.667, 0.333]"
551,1788897.txt,0.0,2.0,1.0,train,012,FalseTrueTrue,no_effect,"[0.0, 0.333, 0.667]"
552,1788995.txt,0.0,1.0,2.0,train,021,FalseTrueTrue,reinforcing,"[0.0, 0.667, 0.333]"
553,1788997.txt,0.0,2.0,1.0,train,012,FalseTrueTrue,no_effect,"[0.0, 0.333, 0.667]"
554,1789048.txt,0.0,1.0,2.0,train,021,FalseTrueTrue,reinforcing,"[0.0, 0.667, 0.333]"
555,1790758.txt,0.0,1.0,2.0,train,021,FalseTrueTrue,reinforcing,"[0.0, 0.667, 0.333]"
556,1790803.txt,0.0,1.0,2.0,train,021,FalseTrueTrue,reinforcing,"[0.0, 0.667, 0.333]"
557,1792266.txt,1.0,1.0,1.0,train,111,TrueTrueTrue,na,"[0.333, 0.333, 0.333]"
558,1792295.txt,0.0,1.0,2.0,train,021,FalseTrueTrue,reinforcing,"[0.0, 0.667, 0.333]"
559,1792315.txt,0.0,2.0,1.0,train,012,FalseTrueTrue,no_effect,"[0.0, 0.333, 0.667]"
560,1792346.txt,0.0,1.0,2.0,train,021,FalseTrueTrue,reinforcing,"[0.0, 0.667, 0.333]"
561,1792436.txt,0.0,0.0,3.0,train,030,FalseTrueFalse,reinforcing,"[0.0, 1.0, 0.0]"
562,1792437.txt,0.0,0.0,3.0,train,030,FalseTrueFalse,reinforcing,"[0.0, 1.0, 0.0]"
563,1793596.txt,0.0,2.0,1.0,train,012,FalseTrueTrue,no_effect,"[0.0, 0.333, 0.667]"
564,1793597.txt,0.0,0.0,3.0,train,030,FalseTrueFalse,reinforcing,"[0.0, 1.0, 0.0]"
565,1793878.txt,0.0,1.0,2.0,train,021,FalseTrueTrue,reinforcing,"[0.0, 0.667, 0.333]"
566,1793879.txt,1.0,0.0,2.0,train,120,TrueTrueFalse,reinforcing,"[0.333, 0.667, 0.0]"
567,1793905.txt,0.0,1.0,2.0,train,021,FalseTrueTrue,reinforcing,"[0.0, 0.667, 0.333]"
568,1793941.txt,1.0,1.0,1.0,train,111,TrueTrueTrue,na,"[0.333, 0.333, 0.333]"
569,1793943.txt,2.0,1.0,0.0,train,201,TrueFalseTrue,challenging,"[0.667, 0.0, 0.333]"
570,1793964.txt,1.0,1.0,1.0,train,111,TrueTrueTrue,na,"[0.333, 0.333, 0.333]"
571,1794093.txt,0.0,0.0,3.0,train,030,FalseTrueFalse,reinforcing,"[0.0, 1.0, 0.0]"
572,1794304.txt,0.0,2.0,1.0,train,012,FalseTrueTrue,no_effect,"[0.0, 0.333, 0.667]"
573,1794306.txt,0.0,1.0,2.0,train,021,FalseTrueTrue,reinforcing,"[0.0, 0.667, 0.333]"
574,1794482.txt,0.0,1.0,2.0,train,021,FalseTrueTrue,reinforcing,"[0.0, 0.667, 0.333]"
575,1794484.txt,0.0,0.0,3.0,train,030,FalseTrueFalse,reinforcing,"[0.0, 1.0, 0.0]"
576,1794667.txt,0.0,0.0,3.0,train,030,FalseTrueFalse,reinforcing,"[0.0, 1.0, 0.0]"
577,1794668.txt,0.0,0.0,3.0,train,030,FalseTrueFalse,reinforcing,"[0.0, 1.0, 0.0]"
578,1795082.txt,0.0,1.0,2.0,train,021,FalseTrueTrue,reinforcing,"[0.0, 0.667, 0.333]"
579,1795084.txt,0.0,0.0,3.0,train,030,FalseTrueFalse,reinforcing,"[0.0, 1.0, 0.0]"
580,1795264.txt,0.0,0.0,3.0,train,030,FalseTrueFalse,reinforcing,"[0.0, 1.0, 0.0]"
581,1795585.txt,0.0,1.0,2.0,train,021,FalseTrueTrue,reinforcing,"[0.0, 0.667, 0.333]"
582,1795609.txt,1.0,1.0,1.0,train,111,TrueTrueTrue,na,"[0.333, 0.333, 0.333]"
583,1795637.txt,0.0,0.0,3.0,train,030,FalseTrueFalse,reinforcing,"[0.0, 1.0, 0.0]"
584,1795734.txt,0.0,1.0,2.0,train,021,FalseTrueTrue,reinforcing,"[0.0, 0.667, 0.333]"
585,1795790.txt,0.0,1.0,2.0,train,021,FalseTrueTrue,reinforcing,"[0.0, 0.667, 0.333]"
586,1796012.txt,0.0,0.0,3.0,train,030,FalseTrueFalse,reinforcing,"[0.0, 1.0, 0.0]"
587,1796013.txt,0.0,1.0,2.0,train,021,FalseTrueTrue,reinforcing,"[0.0, 0.667, 0.333]"
588,1796014.txt,0.0,0.0,3.0,train,030,FalseTrueFalse,reinforcing,"[0.0, 1.0, 0.0]"
589,1796191.txt,1.0,0.0,2.0,train,120,TrueTrueFalse,reinforcing,"[0.333, 0.667, 0.0]"
590,1796192.txt,0.0,2.0,1.0,train,012,FalseTrueTrue,no_effect,"[0.0, 0.333, 0.667]"
591,1796571.txt,2.0,0.0,1.0,train,210,TrueTrueFalse,challenging,"[0.667, 0.333, 0.0]"
592,1796799.txt,0.0,0.0,3.0,train,030,FalseTrueFalse,reinforcing,"[0.0, 1.0, 0.0]"
593,1796959.txt,0.0,1.0,2.0,train,021,FalseTrueTrue,reinforcing,"[0.0, 0.667, 0.333]"
594,1796962.txt,0.0,0.0,3.0,train,030,FalseTrueFalse,reinforcing,"[0.0, 1.0, 0.0]"
595,1797414.txt,1.0,2.0,0.0,train,102,TrueFalseTrue,no_effect,"[0.333, 0.0, 0.667]"
596,1797995.txt,0.0,0.0,3.0,train,030,FalseTrueFalse,reinforcing,"[0.0, 1.0, 0.0]"
597,1798012.txt,1.0,0.0,2.0,train,120,TrueTrueFalse,reinforcing,"[0.333, 0.667, 0.0]"
598,1798211.txt,1.0,0.0,2.0,train,120,TrueTrueFalse,reinforcing,"[0.333, 0.667, 0.0]"
599,1798212.txt,1.0,1.0,1.0,train,111,TrueTrueTrue,na,"[0.333, 0.333, 0.333]"
600,1798329.txt,0.0,0.0,3.0,train,030,FalseTrueFalse,reinforcing,"[0.0, 1.0, 0.0]"
601,1798382.txt,0.0,0.0,3.0,train,030,FalseTrueFalse,reinforcing,"[0.0, 1.0, 0.0]"
602,1798563.txt,2.0,0.0,1.0,train,210,TrueTrueFalse,challenging,"[0.667, 0.333, 0.0]"
603,1798565.txt,0.0,0.0,3.0,train,030,FalseTrueFalse,reinforcing,"[0.0, 1.0, 0.0]"
604,1799250.txt,1.0,0.0,2.0,train,120,TrueTrueFalse,reinforcing,"[0.333, 0.667, 0.0]"
605,1799251.txt,0.0,2.0,1.0,train,012,FalseTrueTrue,no_effect,"[0.0, 0.333, 0.667]"
606,1799628.txt,0.0,1.0,2.0,train,021,FalseTrueTrue,reinforcing,"[0.0, 0.667, 0.333]"
607,1799881.txt,0.0,0.0,3.0,train,030,FalseTrueFalse,reinforcing,"[0.0, 1.0, 0.0]"
608,1799883.txt,0.0,0.0,3.0,train,030,FalseTrueFalse,reinforcing,"[0.0, 1.0, 0.0]"
609,1800099.txt,0.0,1.0,2.0,train,021,FalseTrueTrue,reinforcing,"[0.0, 0.667, 0.333]"
610,1800285.txt,1.0,1.0,1.0,train,111,TrueTrueTrue,na,"[0.333, 0.333, 0.333]"
611,1800964.txt,1.0,0.0,2.0,train,120,TrueTrueFalse,reinforcing,"[0.333, 0.667, 0.0]"
612,1801136.txt,0.0,0.0,3.0,train,030,FalseTrueFalse,reinforcing,"[0.0, 1.0, 0.0]"
613,1801137.txt,2.0,0.0,1.0,train,210,TrueTrueFalse,challenging,"[0.667, 0.333, 0.0]"
614,1801357.txt,1.0,0.0,2.0,train,120,TrueTrueFalse,reinforcing,"[0.333, 0.667, 0.0]"
615,1801359.txt,0.0,0.0,3.0,train,030,FalseTrueFalse,reinforcing,"[0.0, 1.0, 0.0]"
616,1801825.txt,0.0,0.0,3.0,train,030,FalseTrueFalse,reinforcing,"[0.0, 1.0, 0.0]"
617,1802029.txt,0.0,1.0,2.0,train,021,FalseTrueTrue,reinforcing,"[0.0, 0.667, 0.333]"
618,1802593.txt,1.0,1.0,1.0,train,111,TrueTrueTrue,na,"[0.333, 0.333, 0.333]"
619,1803020.txt,1.0,1.0,1.0,train,111,TrueTrueTrue,na,"[0.333, 0.333, 0.333]"
620,1803408.txt,0.0,1.0,2.0,train,021,FalseTrueTrue,reinforcing,"[0.0, 0.667, 0.333]"
621,1803659.txt,0.0,2.0,1.0,train,012,FalseTrueTrue,no_effect,"[0.0, 0.333, 0.667]"
622,1803824.txt,2.0,1.0,0.0,train,201,TrueFalseTrue,challenging,"[0.667, 0.0, 0.333]"
623,1803825.txt,0.0,1.0,2.0,train,021,FalseTrueTrue,reinforcing,"[0.0, 0.667, 0.333]"
624,1804258.txt,0.0,0.0,3.0,train,030,FalseTrueFalse,reinforcing,"[0.0, 1.0, 0.0]"
625,1804259.txt,0.0,1.0,2.0,train,021,FalseTrueTrue,reinforcing,"[0.0, 0.667, 0.333]"
626,1804516.txt,0.0,1.0,2.0,train,021,FalseTrueTrue,reinforcing,"[0.0, 0.667, 0.333]"
627,1804518.txt,0.0,0.0,3.0,train,030,FalseTrueFalse,reinforcing,"[0.0, 1.0, 0.0]"
628,1804699.txt,0.0,1.0,2.0,train,021,FalseTrueTrue,reinforcing,"[0.0, 0.667, 0.333]"
629,1804923.txt,0.0,0.0,3.0,train,030,FalseTrueFalse,reinforcing,"[0.0, 1.0, 0.0]"
630,1805118.txt,0.0,0.0,3.0,train,030,FalseTrueFalse,reinforcing,"[0.0, 1.0, 0.0]"
631,1805353.txt,0.0,2.0,1.0,train,012,FalseTrueTrue,no_effect,"[0.0, 0.333, 0.667]"
632,1805550.txt,0.0,0.0,3.0,train,030,FalseTrueFalse,reinforcing,"[0.0, 1.0, 0.0]"
633,1806245.txt,0.0,0.0,3.0,train,030,FalseTrueFalse,reinforcing,"[0.0, 1.0, 0.0]"
634,1806247.txt,0.0,1.0,2.0,train,021,FalseTrueTrue,reinforcing,"[0.0, 0.667, 0.333]"
635,1806599.txt,1.0,1.0,1.0,train,111,TrueTrueTrue,na,"[0.333, 0.333, 0.333]"
636,1806601.txt,1.0,1.0,1.0,train,111,TrueTrueTrue,na,"[0.333, 0.333, 0.333]"
637,1806814.txt,0.0,0.0,3.0,train,030,FalseTrueFalse,reinforcing,"[0.0, 1.0, 0.0]"
638,1806815.txt,0.0,0.0,3.0,train,030,FalseTrueFalse,reinforcing,"[0.0, 1.0, 0.0]"
639,1806988.txt,1.0,0.0,2.0,train,120,TrueTrueFalse,reinforcing,"[0.333, 0.667, 0.0]"
640,1807114.txt,0.0,0.0,3.0,train,030,FalseTrueFalse,reinforcing,"[0.0, 1.0, 0.0]"
641,1807116.txt,1.0,1.0,1.0,train,111,TrueTrueTrue,na,"[0.333, 0.333, 0.333]"
642,1807890.txt,0.0,0.0,3.0,train,030,FalseTrueFalse,reinforcing,"[0.0, 1.0, 0.0]"
643,1807892.txt,0.0,1.0,2.0,train,021,FalseTrueTrue,reinforcing,"[0.0, 0.667, 0.333]"
644,1808080.txt,1.0,0.0,2.0,train,120,TrueTrueFalse,reinforcing,"[0.333, 0.667, 0.0]"
645,1808081.txt,0.0,2.0,1.0,train,012,FalseTrueTrue,no_effect,"[0.0, 0.333, 0.667]"
646,1808283.txt,0.0,0.0,3.0,train,030,FalseTrueFalse,reinforcing,"[0.0, 1.0, 0.0]"
647,1808509.txt,0.0,1.0,2.0,train,021,FalseTrueTrue,reinforcing,"[0.0, 0.667, 0.333]"
648,1808715.txt,0.0,0.0,3.0,train,030,FalseTrueFalse,reinforcing,"[0.0, 1.0, 0.0]"
649,1809448.txt,0.0,1.0,2.0,train,021,FalseTrueTrue,reinforcing,"[0.0, 0.667, 0.333]"
650,1809612.txt,0.0,1.0,2.0,train,021,FalseTrueTrue,reinforcing,"[0.0, 0.667, 0.333]"
651,1809827.txt,0.0,2.0,1.0,train,012,FalseTrueTrue,no_effect,"[0.0, 0.333, 0.667]"
652,1809829.txt,0.0,0.0,3.0,train,030,FalseTrueFalse,reinforcing,"[0.0, 1.0, 0.0]"
653,1810261.txt,0.0,0.0,3.0,train,030,FalseTrueFalse,reinforcing,"[0.0, 1.0, 0.0]"
654,1810262.txt,1.0,1.0,1.0,train,111,TrueTrueTrue,na,"[0.333, 0.333, 0.333]"
655,1810444.txt,0.0,0.0,3.0,train,030,FalseTrueFalse,reinforcing,"[0.0, 1.0, 0.0]"
656,1810445.txt,0.0,1.0,2.0,train,021,FalseTrueTrue,reinforcing,"[0.0, 0.667, 0.333]"
657,1811180.txt,0.0,0.0,3.0,train,030,FalseTrueFalse,reinforcing,"[0.0, 1.0, 0.0]"
658,1811342.txt,0.0,0.0,3.0,train,030,FalseTrueFalse,reinforcing,"[0.0, 1.0, 0.0]"
659,1811345.txt,1.0,1.0,1.0,train,111,TrueTrueTrue,na,"[0.333, 0.333, 0.333]"
660,1811520.txt,1.0,0.0,2.0,train,120,TrueTrueFalse,reinforcing,"[0.333, 0.667, 0.0]"
661,1811521.txt,0.0,1.0,2.0,train,021,FalseTrueTrue,reinforcing,"[0.0, 0.667, 0.333]"
662,1811523.txt,0.0,3.0,0.0,train,003,FalseFalseTrue,no_effect,"[0.0, 0.0, 1.0]"
663,1811743.txt,0.0,0.0,3.0,train,030,FalseTrueFalse,reinforcing,"[0.0, 1.0, 0.0]"
664,1811744.txt,0.0,1.0,2.0,train,021,FalseTrueTrue,reinforcing,"[0.0, 0.667, 0.333]"
665,1811987.txt,0.0,0.0,3.0,train,030,FalseTrueFalse,reinforcing,"[0.0, 1.0, 0.0]"
666,1812183.txt,0.0,0.0,3.0,train,030,FalseTrueFalse,reinforcing,"[0.0, 1.0, 0.0]"
667,1812813.txt,0.0,0.0,3.0,train,030,FalseTrueFalse,reinforcing,"[0.0, 1.0, 0.0]"
668,1812976.txt,0.0,2.0,1.0,train,012,FalseTrueTrue,no_effect,"[0.0, 0.333, 0.667]"
669,1813190.txt,2.0,0.0,1.0,train,210,TrueTrueFalse,challenging,"[0.667, 0.333, 0.0]"
670,1813367.txt,0.0,1.0,2.0,train,021,FalseTrueTrue,reinforcing,"[0.0, 0.667, 0.333]"
671,1813370.txt,0.0,0.0,3.0,train,030,FalseTrueFalse,reinforcing,"[0.0, 1.0, 0.0]"
672,1813610.txt,0.0,1.0,2.0,train,021,FalseTrueTrue,reinforcing,"[0.0, 0.667, 0.333]"
673,1813612.txt,0.0,0.0,3.0,train,030,FalseTrueFalse,reinforcing,"[0.0, 1.0, 0.0]"
674,1813762.txt,1.0,2.0,0.0,train,102,TrueFalseTrue,no_effect,"[0.333, 0.0, 0.667]"
675,1813763.txt,0.0,1.0,2.0,train,021,FalseTrueTrue,reinforcing,"[0.0, 0.667, 0.333]"
676,1814504.txt,0.0,1.0,2.0,train,021,FalseTrueTrue,reinforcing,"[0.0, 0.667, 0.333]"
677,1814661.txt,1.0,0.0,2.0,train,120,TrueTrueFalse,reinforcing,"[0.333, 0.667, 0.0]"
678,1814662.txt,0.0,0.0,3.0,train,030,FalseTrueFalse,reinforcing,"[0.0, 1.0, 0.0]"
679,1814864.txt,1.0,0.0,2.0,train,120,TrueTrueFalse,reinforcing,"[0.333, 0.667, 0.0]"
680,1815205.txt,3.0,0.0,0.0,train,300,TrueFalseFalse,challenging,"[1.0, 0.0, 0.0]"
681,1815775.txt,0.0,0.0,3.0,train,030,FalseTrueFalse,reinforcing,"[0.0, 1.0, 0.0]"
682,1815921.txt,2.0,1.0,0.0,train,201,TrueFalseTrue,challenging,"[0.667, 0.0, 0.333]"
683,1816101.txt,0.0,0.0,3.0,train,030,FalseTrueFalse,reinforcing,"[0.0, 1.0, 0.0]"
684,1816102.txt,0.0,3.0,0.0,train,003,FalseFalseTrue,no_effect,"[0.0, 0.0, 1.0]"
685,1816309.txt,0.0,1.0,2.0,train,021,FalseTrueTrue,reinforcing,"[0.0, 0.667, 0.333]"
686,1816310.txt,0.0,1.0,2.0,train,021,FalseTrueTrue,reinforcing,"[0.0, 0.667, 0.333]"
687,1816526.txt,0.0,1.0,2.0,train,021,FalseTrueTrue,reinforcing,"[0.0, 0.667, 0.333]"
688,1816527.txt,1.0,0.0,2.0,train,120,TrueTrueFalse,reinforcing,"[0.333, 0.667, 0.0]"
689,1816528.txt,0.0,1.0,2.0,train,021,FalseTrueTrue,reinforcing,"[0.0, 0.667, 0.333]"
690,1816678.txt,0.0,1.0,2.0,train,021,FalseTrueTrue,reinforcing,"[0.0, 0.667, 0.333]"
691,1816679.txt,0.0,2.0,1.0,train,012,FalseTrueTrue,no_effect,"[0.0, 0.333, 0.667]"
692,1816972.txt,0.0,3.0,0.0,train,003,FalseFalseTrue,no_effect,"[0.0, 0.0, 1.0]"
693,1817040.txt,0.0,1.0,2.0,train,021,FalseTrueTrue,reinforcing,"[0.0, 0.667, 0.333]"
694,1817059.txt,0.0,1.0,2.0,train,021,FalseTrueTrue,reinforcing,"[0.0, 0.667, 0.333]"
695,1817123.txt,0.0,1.0,2.0,train,021,FalseTrueTrue,reinforcing,"[0.0, 0.667, 0.333]"
696,1817273.txt,0.0,3.0,0.0,train,003,FalseFalseTrue,no_effect,"[0.0, 0.0, 1.0]"
697,1817394.txt,0.0,0.0,3.0,train,030,FalseTrueFalse,reinforcing,"[0.0, 1.0, 0.0]"
698,1817567.txt,0.0,1.0,2.0,train,021,FalseTrueTrue,reinforcing,"[0.0, 0.667, 0.333]"
699,1817785.txt,0.0,1.0,2.0,train,021,FalseTrueTrue,reinforcing,"[0.0, 0.667, 0.333]"
700,1818040.txt,1.0,0.0,2.0,train,120,TrueTrueFalse,reinforcing,"[0.333, 0.667, 0.0]"
701,1818264.txt,0.0,0.0,3.0,train,030,FalseTrueFalse,reinforcing,"[0.0, 1.0, 0.0]"
702,1818421.txt,0.0,0.0,3.0,train,030,FalseTrueFalse,reinforcing,"[0.0, 1.0, 0.0]"
703,1818424.txt,0.0,2.0,1.0,train,012,FalseTrueTrue,no_effect,"[0.0, 0.333, 0.667]"
704,1818687.txt,2.0,0.0,1.0,train,210,TrueTrueFalse,challenging,"[0.667, 0.333, 0.0]"
705,1818732.txt,0.0,1.0,2.0,train,021,FalseTrueTrue,reinforcing,"[0.0, 0.667, 0.333]"
706,1818737.txt,0.0,0.0,3.0,train,030,FalseTrueFalse,reinforcing,"[0.0, 1.0, 0.0]"
707,1818761.txt,0.0,0.0,3.0,train,030,FalseTrueFalse,reinforcing,"[0.0, 1.0, 0.0]"
708,1818847.txt,0.0,2.0,1.0,train,012,FalseTrueTrue,no_effect,"[0.0, 0.333, 0.667]"
709,1819082.txt,0.0,0.0,3.0,train,030,FalseTrueFalse,reinforcing,"[0.0, 1.0, 0.0]"
710,1819083.txt,0.0,0.0,3.0,train,030,FalseTrueFalse,reinforcing,"[0.0, 1.0, 0.0]"
711,1819457.txt,0.0,1.0,2.0,train,021,FalseTrueTrue,reinforcing,"[0.0, 0.667, 0.333]"
712,1819458.txt,0.0,1.0,2.0,train,021,FalseTrueTrue,reinforcing,"[0.0, 0.667, 0.333]"
713,1819634.txt,0.0,0.0,3.0,train,030,FalseTrueFalse,reinforcing,"[0.0, 1.0, 0.0]"
714,1819839.txt,0.0,1.0,2.0,train,021,FalseTrueTrue,reinforcing,"[0.0, 0.667, 0.333]"
715,1819840.txt,1.0,1.0,1.0,train,111,TrueTrueTrue,na,"[0.333, 0.333, 0.333]"
716,1820043.txt,0.0,0.0,3.0,train,030,FalseTrueFalse,reinforcing,"[0.0, 1.0, 0.0]"
717,1820290.txt,0.0,2.0,1.0,train,012,FalseTrueTrue,no_effect,"[0.0, 0.333, 0.667]"
718,1820318.txt,1.0,1.0,1.0,train,111,TrueTrueTrue,na,"[0.333, 0.333, 0.333]"
719,1820352.txt,0.0,1.0,2.0,train,021,FalseTrueTrue,reinforcing,"[0.0, 0.667, 0.333]"
720,1820353.txt,0.0,1.0,2.0,train,021,FalseTrueTrue,reinforcing,"[0.0, 0.667, 0.333]"
721,1820362.txt,2.0,0.0,1.0,train,210,TrueTrueFalse,challenging,"[0.667, 0.333, 0.0]"
722,1820436.txt,1.0,1.0,1.0,train,111,TrueTrueTrue,na,"[0.333, 0.333, 0.333]"
723,1820437.txt,0.0,1.0,2.0,train,021,FalseTrueTrue,reinforcing,"[0.0, 0.667, 0.333]"
724,1820483.txt,0.0,0.0,3.0,train,030,FalseTrueFalse,reinforcing,"[0.0, 1.0, 0.0]"
725,1820686.txt,0.0,0.0,3.0,train,030,FalseTrueFalse,reinforcing,"[0.0, 1.0, 0.0]"
726,1820702.txt,0.0,0.0,3.0,train,030,FalseTrueFalse,reinforcing,"[0.0, 1.0, 0.0]"
727,1820704.txt,0.0,0.0,3.0,train,030,FalseTrueFalse,reinforcing,"[0.0, 1.0, 0.0]"
728,1820876.txt,1.0,0.0,2.0,train,120,TrueTrueFalse,reinforcing,"[0.333, 0.667, 0.0]"
729,1820877.txt,1.0,0.0,2.0,train,120,TrueTrueFalse,reinforcing,"[0.333, 0.667, 0.0]"
730,1821045.txt,0.0,2.0,1.0,train,012,FalseTrueTrue,no_effect,"[0.0, 0.333, 0.667]"
731,1821298.txt,0.0,1.0,2.0,train,021,FalseTrueTrue,reinforcing,"[0.0, 0.667, 0.333]"
732,1821300.txt,0.0,0.0,3.0,train,030,FalseTrueFalse,reinforcing,"[0.0, 1.0, 0.0]"
733,1821780.txt,0.0,1.0,2.0,train,021,FalseTrueTrue,reinforcing,"[0.0, 0.667, 0.333]"
734,1821935.txt,0.0,3.0,0.0,train,003,FalseFalseTrue,no_effect,"[0.0, 0.0, 1.0]"
735,1821936.txt,1.0,2.0,0.0,train,102,TrueFalseTrue,no_effect,"[0.333, 0.0, 0.667]"
736,1821982.txt,1.0,1.0,1.0,train,111,TrueTrueTrue,na,"[0.333, 0.333, 0.333]"
737,1821983.txt,0.0,2.0,1.0,train,012,FalseTrueTrue,no_effect,"[0.0, 0.333, 0.667]"
738,1822024.txt,0.0,2.0,1.0,train,012,FalseTrueTrue,no_effect,"[0.0, 0.333, 0.667]"
739,1822078.txt,0.0,0.0,3.0,train,030,FalseTrueFalse,reinforcing,"[0.0, 1.0, 0.0]"
740,1822109.txt,0.0,0.0,3.0,train,030,FalseTrueFalse,reinforcing,"[0.0, 1.0, 0.0]"
741,1822111.txt,0.0,0.0,3.0,train,030,FalseTrueFalse,reinforcing,"[0.0, 1.0, 0.0]"
742,1822375.txt,0.0,0.0,3.0,train,030,FalseTrueFalse,reinforcing,"[0.0, 1.0, 0.0]"
743,1822577.txt,0.0,1.0,2.0,train,021,FalseTrueTrue,reinforcing,"[0.0, 0.667, 0.333]"
744,1822578.txt,0.0,0.0,3.0,train,030,FalseTrueFalse,reinforcing,"[0.0, 1.0, 0.0]"
745,1822602.txt,0.0,0.0,3.0,train,030,FalseTrueFalse,reinforcing,"[0.0, 1.0, 0.0]"
746,1822970.txt,1.0,0.0,2.0,train,120,TrueTrueFalse,reinforcing,"[0.333, 0.667, 0.0]"
747,1822972.txt,0.0,1.0,2.0,train,021,FalseTrueTrue,reinforcing,"[0.0, 0.667, 0.333]"
748,1823203.txt,1.0,1.0,1.0,train,111,TrueTrueTrue,na,"[0.333, 0.333, 0.333]"
749,1823405.txt,0.0,0.0,3.0,train,030,FalseTrueFalse,reinforcing,"[0.0, 1.0, 0.0]"
750,1823651.txt,0.0,1.0,2.0,train,021,FalseTrueTrue,reinforcing,"[0.0, 0.667, 0.333]"
751,1823663.txt,0.0,0.0,3.0,train,030,FalseTrueFalse,reinforcing,"[0.0, 1.0, 0.0]"
752,1823692.txt,1.0,1.0,1.0,train,111,TrueTrueTrue,na,"[0.333, 0.333, 0.333]"
753,1823693.txt,1.0,1.0,1.0,train,111,TrueTrueTrue,na,"[0.333, 0.333, 0.333]"
754,1823728.txt,0.0,2.0,1.0,train,012,FalseTrueTrue,no_effect,"[0.0, 0.333, 0.667]"
755,1823782.txt,0.0,1.0,2.0,train,021,FalseTrueTrue,reinforcing,"[0.0, 0.667, 0.333]"
756,1823783.txt,1.0,1.0,1.0,train,111,TrueTrueTrue,na,"[0.333, 0.333, 0.333]"
757,1823824.txt,0.0,0.0,3.0,train,030,FalseTrueFalse,reinforcing,"[0.0, 1.0, 0.0]"
758,1824029.txt,0.0,0.0,3.0,train,030,FalseTrueFalse,reinforcing,"[0.0, 1.0, 0.0]"
759,1824030.txt,1.0,1.0,1.0,train,111,TrueTrueTrue,na,"[0.333, 0.333, 0.333]"
760,1824221.txt,1.0,0.0,2.0,train,120,TrueTrueFalse,reinforcing,"[0.333, 0.667, 0.0]"
761,1824429.txt,0.0,1.0,2.0,train,021,FalseTrueTrue,reinforcing,"[0.0, 0.667, 0.333]"
762,1824626.txt,0.0,2.0,1.0,train,012,FalseTrueTrue,no_effect,"[0.0, 0.333, 0.667]"
763,1824628.txt,0.0,3.0,0.0,train,003,FalseFalseTrue,no_effect,"[0.0, 0.0, 1.0]"
764,1824873.txt,0.0,0.0,3.0,train,030,FalseTrueFalse,reinforcing,"[0.0, 1.0, 0.0]"
765,1825341.txt,0.0,0.0,3.0,train,030,FalseTrueFalse,reinforcing,"[0.0, 1.0, 0.0]"
766,1825343.txt,0.0,0.0,3.0,train,030,FalseTrueFalse,reinforcing,"[0.0, 1.0, 0.0]"
767,1825399.txt,0.0,0.0,3.0,train,030,FalseTrueFalse,reinforcing,"[0.0, 1.0, 0.0]"
768,1825405.txt,0.0,1.0,2.0,train,021,FalseTrueTrue,reinforcing,"[0.0, 0.667, 0.333]"
769,1825489.txt,0.0,1.0,2.0,train,021,FalseTrueTrue,reinforcing,"[0.0, 0.667, 0.333]"
770,1825538.txt,1.0,1.0,1.0,train,111,TrueTrueTrue,na,"[0.333, 0.333, 0.333]"
771,1825749.txt,0.0,0.0,3.0,train,030,FalseTrueFalse,reinforcing,"[0.0, 1.0, 0.0]"
772,1825931.txt,0.0,0.0,3.0,train,030,FalseTrueFalse,reinforcing,"[0.0, 1.0, 0.0]"
773,1825932.txt,0.0,2.0,1.0,train,012,FalseTrueTrue,no_effect,"[0.0, 0.333, 0.667]"
774,1826133.txt,0.0,1.0,2.0,train,021,FalseTrueTrue,reinforcing,"[0.0, 0.667, 0.333]"
775,1826377.txt,0.0,0.0,3.0,train,030,FalseTrueFalse,reinforcing,"[0.0, 1.0, 0.0]"
776,1826378.txt,0.0,1.0,2.0,train,021,FalseTrueTrue,reinforcing,"[0.0, 0.667, 0.333]"
777,1826583.txt,1.0,1.0,1.0,train,111,TrueTrueTrue,na,"[0.333, 0.333, 0.333]"
778,1826592.txt,0.0,0.0,3.0,train,030,FalseTrueFalse,reinforcing,"[0.0, 1.0, 0.0]"
779,1826721.txt,0.0,1.0,2.0,train,021,FalseTrueTrue,reinforcing,"[0.0, 0.667, 0.333]"
780,1826723.txt,0.0,1.0,2.0,train,021,FalseTrueTrue,reinforcing,"[0.0, 0.667, 0.333]"
781,1826988.txt,0.0,1.0,2.0,train,021,FalseTrueTrue,reinforcing,"[0.0, 0.667, 0.333]"
782,1826989.txt,0.0,1.0,2.0,train,021,FalseTrueTrue,reinforcing,"[0.0, 0.667, 0.333]"
783,1827046.txt,0.0,1.0,2.0,train,021,FalseTrueTrue,reinforcing,"[0.0, 0.667, 0.333]"
784,1827077.txt,0.0,1.0,2.0,train,021,FalseTrueTrue,reinforcing,"[0.0, 0.667, 0.333]"
785,1827135.txt,0.0,2.0,1.0,train,012,FalseTrueTrue,no_effect,"[0.0, 0.333, 0.667]"
786,1827136.txt,1.0,0.0,2.0,train,120,TrueTrueFalse,reinforcing,"[0.333, 0.667, 0.0]"
787,1827562.txt,2.0,0.0,1.0,train,210,TrueTrueFalse,challenging,"[0.667, 0.333, 0.0]"
788,1827569.txt,1.0,1.0,1.0,train,111,TrueTrueTrue,na,"[0.333, 0.333, 0.333]"
789,1827751.txt,1.0,0.0,2.0,train,120,TrueTrueFalse,reinforcing,"[0.333, 0.667, 0.0]"
790,1827752.txt,1.0,1.0,1.0,train,111,TrueTrueTrue,na,"[0.333, 0.333, 0.333]"
791,1827754.txt,1.0,0.0,2.0,train,120,TrueTrueFalse,reinforcing,"[0.333, 0.667, 0.0]"
792,1827987.txt,0.0,1.0,2.0,train,021,FalseTrueTrue,reinforcing,"[0.0, 0.667, 0.333]"
793,1827988.txt,0.0,2.0,1.0,train,012,FalseTrueTrue,no_effect,"[0.0, 0.333, 0.667]"
794,1828218.txt,1.0,0.0,2.0,train,120,TrueTrueFalse,reinforcing,"[0.333, 0.667, 0.0]"
795,1828382.txt,1.0,1.0,1.0,train,111,TrueTrueTrue,na,"[0.333, 0.333, 0.333]"
796,1828383.txt,0.0,2.0,1.0,train,012,FalseTrueTrue,no_effect,"[0.0, 0.333, 0.667]"
797,1828707.txt,0.0,1.0,2.0,train,021,FalseTrueTrue,reinforcing,"[0.0, 0.667, 0.333]"
798,1828749.txt,0.0,1.0,2.0,train,021,FalseTrueTrue,reinforcing,"[0.0, 0.667, 0.333]"
799,1828753.txt,1.0,1.0,1.0,train,111,TrueTrueTrue,na,"[0.333, 0.333, 0.333]"
800,1828848.txt,0.0,1.0,2.0,validate,021,FalseTrueTrue,reinforcing,"[0.0, 0.667, 0.333]"
801,1829069.txt,1.0,0.0,2.0,validate,120,TrueTrueFalse,reinforcing,"[0.333, 0.667, 0.0]"
802,1829070.txt,0.0,0.0,3.0,validate,030,FalseTrueFalse,reinforcing,"[0.0, 1.0, 0.0]"
803,1829263.txt,0.0,0.0,3.0,validate,030,FalseTrueFalse,reinforcing,"[0.0, 1.0, 0.0]"
804,1829484.txt,0.0,0.0,3.0,validate,030,FalseTrueFalse,reinforcing,"[0.0, 1.0, 0.0]"
805,1829697.txt,0.0,3.0,0.0,validate,003,FalseFalseTrue,no_effect,"[0.0, 0.0, 1.0]"
806,1829698.txt,0.0,1.0,2.0,validate,021,FalseTrueTrue,reinforcing,"[0.0, 0.667, 0.333]"
807,1829886.txt,0.0,1.0,2.0,validate,021,FalseTrueTrue,reinforcing,"[0.0, 0.667, 0.333]"
808,1829888.txt,0.0,0.0,3.0,validate,030,FalseTrueFalse,reinforcing,"[0.0, 1.0, 0.0]"
809,1830073.txt,1.0,1.0,1.0,validate,111,TrueTrueTrue,na,"[0.333, 0.333, 0.333]"
810,1830368.txt,0.0,2.0,1.0,validate,012,FalseTrueTrue,no_effect,"[0.0, 0.333, 0.667]"
811,1830419.txt,0.0,1.0,2.0,validate,021,FalseTrueTrue,reinforcing,"[0.0, 0.667, 0.333]"
812,1830504.txt,0.0,1.0,2.0,validate,021,FalseTrueTrue,reinforcing,"[0.0, 0.667, 0.333]"
813,1830779.txt,1.0,0.0,2.0,validate,120,TrueTrueFalse,reinforcing,"[0.333, 0.667, 0.0]"
814,1830802.txt,1.0,0.0,2.0,validate,120,TrueTrueFalse,reinforcing,"[0.333, 0.667, 0.0]"
815,1830803.txt,0.0,1.0,2.0,validate,021,FalseTrueTrue,reinforcing,"[0.0, 0.667, 0.333]"
816,1830984.txt,0.0,0.0,3.0,validate,030,FalseTrueFalse,reinforcing,"[0.0, 1.0, 0.0]"
817,1831162.txt,0.0,0.0,3.0,validate,030,FalseTrueFalse,reinforcing,"[0.0, 1.0, 0.0]"
818,1831163.txt,0.0,1.0,2.0,validate,021,FalseTrueTrue,reinforcing,"[0.0, 0.667, 0.333]"
819,1831408.txt,0.0,1.0,2.0,validate,021,FalseTrueTrue,reinforcing,"[0.0, 0.667, 0.333]"
820,1831410.txt,0.0,3.0,0.0,validate,003,FalseFalseTrue,no_effect,"[0.0, 0.0, 1.0]"
821,1831626.txt,0.0,0.0,3.0,validate,030,FalseTrueFalse,reinforcing,"[0.0, 1.0, 0.0]"
822,1831807.txt,0.0,1.0,2.0,validate,021,FalseTrueTrue,reinforcing,"[0.0, 0.667, 0.333]"
823,1832112.txt,1.0,0.0,2.0,validate,120,TrueTrueFalse,reinforcing,"[0.333, 0.667, 0.0]"
824,1832113.txt,0.0,2.0,1.0,validate,012,FalseTrueTrue,no_effect,"[0.0, 0.333, 0.667]"
825,1832154.txt,0.0,2.0,1.0,validate,012,FalseTrueTrue,no_effect,"[0.0, 0.333, 0.667]"
826,1832155.txt,1.0,0.0,2.0,validate,120,TrueTrueFalse,reinforcing,"[0.333, 0.667, 0.0]"
827,1832172.txt,1.0,2.0,0.0,validate,102,TrueFalseTrue,no_effect,"[0.333, 0.0, 0.667]"
828,1832258.txt,0.0,2.0,1.0,validate,012,FalseTrueTrue,no_effect,"[0.0, 0.333, 0.667]"
829,1832259.txt,0.0,2.0,1.0,validate,012,FalseTrueTrue,no_effect,"[0.0, 0.333, 0.667]"
830,1832496.txt,0.0,0.0,3.0,validate,030,FalseTrueFalse,reinforcing,"[0.0, 1.0, 0.0]"
831,1832538.txt,1.0,1.0,1.0,validate,111,TrueTrueTrue,na,"[0.333, 0.333, 0.333]"
832,1832892.txt,1.0,1.0,1.0,validate,111,TrueTrueTrue,na,"[0.333, 0.333, 0.333]"
833,1833091.txt,0.0,1.0,2.0,validate,021,FalseTrueTrue,reinforcing,"[0.0, 0.667, 0.333]"
834,1833514.txt,1.0,1.0,1.0,validate,111,TrueTrueTrue,na,"[0.333, 0.333, 0.333]"
835,1833744.txt,1.0,0.0,2.0,validate,120,TrueTrueFalse,reinforcing,"[0.333, 0.667, 0.0]"
836,1833784.txt,0.0,0.0,3.0,validate,030,FalseTrueFalse,reinforcing,"[0.0, 1.0, 0.0]"
837,1833813.txt,1.0,0.0,2.0,validate,120,TrueTrueFalse,reinforcing,"[0.333, 0.667, 0.0]"
838,1833828.txt,0.0,2.0,1.0,validate,012,FalseTrueTrue,no_effect,"[0.0, 0.333, 0.667]"
839,1833898.txt,1.0,0.0,2.0,validate,120,TrueTrueFalse,reinforcing,"[0.333, 0.667, 0.0]"
840,1834145.txt,1.0,0.0,2.0,validate,120,TrueTrueFalse,reinforcing,"[0.333, 0.667, 0.0]"
841,1834147.txt,1.0,2.0,0.0,validate,102,TrueFalseTrue,no_effect,"[0.333, 0.0, 0.667]"
842,1834326.txt,1.0,1.0,1.0,validate,111,TrueTrueTrue,na,"[0.333, 0.333, 0.333]"
843,1834714.txt,0.0,0.0,3.0,validate,030,FalseTrueFalse,reinforcing,"[0.0, 1.0, 0.0]"
844,1834932.txt,0.0,0.0,3.0,validate,030,FalseTrueFalse,reinforcing,"[0.0, 1.0, 0.0]"
845,1835091.txt,0.0,1.0,2.0,validate,021,FalseTrueTrue,reinforcing,"[0.0, 0.667, 0.333]"
846,1835092.txt,0.0,0.0,3.0,validate,030,FalseTrueFalse,reinforcing,"[0.0, 1.0, 0.0]"
847,1835422.txt,0.0,0.0,3.0,validate,030,FalseTrueFalse,reinforcing,"[0.0, 1.0, 0.0]"
848,1835423.txt,0.0,0.0,3.0,validate,030,FalseTrueFalse,reinforcing,"[0.0, 1.0, 0.0]"
849,1835446.txt,0.0,1.0,2.0,validate,021,FalseTrueTrue,reinforcing,"[0.0, 0.667, 0.333]"
850,1835471.txt,0.0,1.0,2.0,validate,021,FalseTrueTrue,reinforcing,"[0.0, 0.667, 0.333]"
851,1835472.txt,0.0,0.0,3.0,validate,030,FalseTrueFalse,reinforcing,"[0.0, 1.0, 0.0]"
852,1835486.txt,0.0,2.0,1.0,validate,012,FalseTrueTrue,no_effect,"[0.0, 0.333, 0.667]"
853,1835572.txt,0.0,0.0,3.0,validate,030,FalseTrueFalse,reinforcing,"[0.0, 1.0, 0.0]"
854,1835834.txt,0.0,1.0,2.0,validate,021,FalseTrueTrue,reinforcing,"[0.0, 0.667, 0.333]"
855,1836029.txt,0.0,2.0,1.0,validate,012,FalseTrueTrue,no_effect,"[0.0, 0.333, 0.667]"
856,1836189.txt,1.0,1.0,1.0,validate,111,TrueTrueTrue,na,"[0.333, 0.333, 0.333]"
857,1836707.txt,0.0,1.0,2.0,validate,021,FalseTrueTrue,reinforcing,"[0.0, 0.667, 0.333]"
858,1836888.txt,1.0,0.0,2.0,validate,120,TrueTrueFalse,reinforcing,"[0.333, 0.667, 0.0]"
859,1836904.txt,0.0,0.0,3.0,validate,030,FalseTrueFalse,reinforcing,"[0.0, 1.0, 0.0]"
860,1837156.txt,1.0,1.0,1.0,validate,111,TrueTrueTrue,na,"[0.333, 0.333, 0.333]"
861,1837157.txt,1.0,0.0,2.0,validate,120,TrueTrueFalse,reinforcing,"[0.333, 0.667, 0.0]"
862,1837200.txt,0.0,0.0,3.0,validate,030,FalseTrueFalse,reinforcing,"[0.0, 1.0, 0.0]"
863,1837201.txt,0.0,0.0,3.0,validate,030,FalseTrueFalse,reinforcing,"[0.0, 1.0, 0.0]"
864,1837222.txt,0.0,2.0,1.0,validate,012,FalseTrueTrue,no_effect,"[0.0, 0.333, 0.667]"
865,1837301.txt,2.0,0.0,1.0,validate,210,TrueTrueFalse,challenging,"[0.667, 0.333, 0.0]"
866,1837302.txt,0.0,0.0,3.0,validate,030,FalseTrueFalse,reinforcing,"[0.0, 1.0, 0.0]"
867,1837533.txt,0.0,0.0,3.0,validate,030,FalseTrueFalse,reinforcing,"[0.0, 1.0, 0.0]"
868,1837730.txt,0.0,2.0,1.0,validate,012,FalseTrueTrue,no_effect,"[0.0, 0.333, 0.667]"
869,1837731.txt,1.0,1.0,1.0,validate,111,TrueTrueTrue,na,"[0.333, 0.333, 0.333]"
870,1837979.txt,0.0,1.0,2.0,validate,021,FalseTrueTrue,reinforcing,"[0.0, 0.667, 0.333]"
871,1837980.txt,0.0,0.0,3.0,validate,030,FalseTrueFalse,reinforcing,"[0.0, 1.0, 0.0]"
872,1838098.txt,0.0,2.0,1.0,validate,012,FalseTrueTrue,no_effect,"[0.0, 0.333, 0.667]"
873,1838472.txt,1.0,1.0,1.0,validate,111,TrueTrueTrue,na,"[0.333, 0.333, 0.333]"
874,1838667.txt,2.0,0.0,1.0,validate,210,TrueTrueFalse,challenging,"[0.667, 0.333, 0.0]"
875,1838668.txt,0.0,2.0,1.0,validate,012,FalseTrueTrue,no_effect,"[0.0, 0.333, 0.667]"
876,1838691.txt,0.0,1.0,2.0,validate,021,FalseTrueTrue,reinforcing,"[0.0, 0.667, 0.333]"
877,1838706.txt,1.0,1.0,1.0,validate,111,TrueTrueTrue,na,"[0.333, 0.333, 0.333]"
878,1838707.txt,1.0,0.0,2.0,validate,120,TrueTrueFalse,reinforcing,"[0.333, 0.667, 0.0]"
879,1838726.txt,0.0,1.0,2.0,validate,021,FalseTrueTrue,reinforcing,"[0.0, 0.667, 0.333]"
880,1839178.txt,1.0,0.0,2.0,validate,120,TrueTrueFalse,reinforcing,"[0.333, 0.667, 0.0]"
881,1839335.txt,0.0,1.0,2.0,validate,021,FalseTrueTrue,reinforcing,"[0.0, 0.667, 0.333]"
882,1839342.txt,1.0,0.0,2.0,validate,120,TrueTrueFalse,reinforcing,"[0.333, 0.667, 0.0]"
883,1839716.txt,0.0,1.0,2.0,validate,021,FalseTrueTrue,reinforcing,"[0.0, 0.667, 0.333]"
884,1839718.txt,1.0,0.0,2.0,validate,120,TrueTrueFalse,reinforcing,"[0.333, 0.667, 0.0]"
885,1839895.txt,0.0,1.0,2.0,validate,021,FalseTrueTrue,reinforcing,"[0.0, 0.667, 0.333]"
886,1840376.txt,0.0,1.0,2.0,validate,021,FalseTrueTrue,reinforcing,"[0.0, 0.667, 0.333]"
887,1840396.txt,0.0,0.0,3.0,validate,030,FalseTrueFalse,reinforcing,"[0.0, 1.0, 0.0]"
888,1840421.txt,1.0,1.0,1.0,validate,111,TrueTrueTrue,na,"[0.333, 0.333, 0.333]"
889,1840522.txt,0.0,2.0,1.0,validate,012,FalseTrueTrue,no_effect,"[0.0, 0.333, 0.667]"
890,1840586.txt,1.0,1.0,1.0,validate,111,TrueTrueTrue,na,"[0.333, 0.333, 0.333]"
891,1840775.txt,1.0,1.0,1.0,validate,111,TrueTrueTrue,na,"[0.333, 0.333, 0.333]"
892,1840973.txt,0.0,0.0,3.0,validate,030,FalseTrueFalse,reinforcing,"[0.0, 1.0, 0.0]"
893,1841158.txt,0.0,1.0,2.0,validate,021,FalseTrueTrue,reinforcing,"[0.0, 0.667, 0.333]"
894,1841791.txt,2.0,0.0,1.0,validate,210,TrueTrueFalse,challenging,"[0.667, 0.333, 0.0]"
895,1841792.txt,0.0,0.0,3.0,validate,030,FalseTrueFalse,reinforcing,"[0.0, 1.0, 0.0]"
896,1842013.txt,0.0,0.0,3.0,validate,030,FalseTrueFalse,reinforcing,"[0.0, 1.0, 0.0]"
897,1842077.txt,0.0,0.0,3.0,validate,030,FalseTrueFalse,reinforcing,"[0.0, 1.0, 0.0]"
898,1842082.txt,0.0,1.0,2.0,validate,021,FalseTrueTrue,reinforcing,"[0.0, 0.667, 0.333]"
899,1842180.txt,0.0,2.0,1.0,validate,012,FalseTrueTrue,no_effect,"[0.0, 0.333, 0.667]"
900,1842181.txt,0.0,1.0,2.0,test,021,FalseTrueTrue,reinforcing,"[0.0, 0.667, 0.333]"
901,1842994.txt,0.0,1.0,2.0,test,021,FalseTrueTrue,reinforcing,"[0.0, 0.667, 0.333]"
902,1842995.txt,0.0,1.0,2.0,test,021,FalseTrueTrue,reinforcing,"[0.0, 0.667, 0.333]"
903,1843224.txt,0.0,0.0,3.0,test,030,FalseTrueFalse,reinforcing,"[0.0, 1.0, 0.0]"
904,1843372.txt,0.0,0.0,3.0,test,030,FalseTrueFalse,reinforcing,"[0.0, 1.0, 0.0]"
905,1843374.txt,0.0,2.0,1.0,test,012,FalseTrueTrue,no_effect,"[0.0, 0.333, 0.667]"
906,1843649.txt,1.0,1.0,1.0,test,111,TrueTrueTrue,na,"[0.333, 0.333, 0.333]"
907,1843690.txt,0.0,1.0,2.0,test,021,FalseTrueTrue,reinforcing,"[0.0, 0.667, 0.333]"
908,1843708.txt,0.0,1.0,2.0,test,021,FalseTrueTrue,reinforcing,"[0.0, 0.667, 0.333]"
909,1843795.txt,0.0,0.0,3.0,test,030,FalseTrueFalse,reinforcing,"[0.0, 1.0, 0.0]"
910,1844052.txt,0.0,2.0,1.0,test,012,FalseTrueTrue,no_effect,"[0.0, 0.333, 0.667]"
911,1844053.txt,0.0,1.0,2.0,test,021,FalseTrueTrue,reinforcing,"[0.0, 0.667, 0.333]"
912,1844250.txt,0.0,0.0,3.0,test,030,FalseTrueFalse,reinforcing,"[0.0, 1.0, 0.0]"
913,1844253.txt,0.0,1.0,2.0,test,021,FalseTrueTrue,reinforcing,"[0.0, 0.667, 0.333]"
914,1844646.txt,0.0,0.0,3.0,test,030,FalseTrueFalse,reinforcing,"[0.0, 1.0, 0.0]"
915,1844648.txt,0.0,1.0,2.0,test,021,FalseTrueTrue,reinforcing,"[0.0, 0.667, 0.333]"
916,1844840.txt,0.0,0.0,3.0,test,030,FalseTrueFalse,reinforcing,"[0.0, 1.0, 0.0]"
917,1844841.txt,1.0,0.0,2.0,test,120,TrueTrueFalse,reinforcing,"[0.333, 0.667, 0.0]"
918,1845027.txt,0.0,0.0,3.0,test,030,FalseTrueFalse,reinforcing,"[0.0, 1.0, 0.0]"
919,1845336.txt,1.0,0.0,2.0,test,120,TrueTrueFalse,reinforcing,"[0.333, 0.667, 0.0]"
920,1845359.txt,0.0,2.0,1.0,test,012,FalseTrueTrue,no_effect,"[0.0, 0.333, 0.667]"
921,1845360.txt,1.0,0.0,2.0,test,120,TrueTrueFalse,reinforcing,"[0.333, 0.667, 0.0]"
922,1845384.txt,0.0,1.0,2.0,test,021,FalseTrueTrue,reinforcing,"[0.0, 0.667, 0.333]"
923,1845385.txt,0.0,0.0,3.0,test,030,FalseTrueFalse,reinforcing,"[0.0, 1.0, 0.0]"
924,1845399.txt,0.0,1.0,2.0,test,021,FalseTrueTrue,reinforcing,"[0.0, 0.667, 0.333]"
925,1845501.txt,0.0,0.0,3.0,test,030,FalseTrueFalse,reinforcing,"[0.0, 1.0, 0.0]"
926,1845502.txt,0.0,2.0,1.0,test,012,FalseTrueTrue,no_effect,"[0.0, 0.333, 0.667]"
927,1845725.txt,0.0,1.0,2.0,test,021,FalseTrueTrue,reinforcing,"[0.0, 0.667, 0.333]"
928,1846108.txt,1.0,0.0,2.0,test,120,TrueTrueFalse,reinforcing,"[0.333, 0.667, 0.0]"
929,1846321.txt,0.0,1.0,2.0,test,021,FalseTrueTrue,reinforcing,"[0.0, 0.667, 0.333]"
930,1846520.txt,0.0,1.0,2.0,test,021,FalseTrueTrue,reinforcing,"[0.0, 0.667, 0.333]"
931,1846980.txt,0.0,2.0,1.0,test,012,FalseTrueTrue,no_effect,"[0.0, 0.333, 0.667]"
932,1847027.txt,0.0,1.0,2.0,test,021,FalseTrueTrue,reinforcing,"[0.0, 0.667, 0.333]"
933,1847028.txt,0.0,0.0,3.0,test,030,FalseTrueFalse,reinforcing,"[0.0, 1.0, 0.0]"
934,1847348.txt,0.0,0.0,3.0,test,030,FalseTrueFalse,reinforcing,"[0.0, 1.0, 0.0]"
935,1847349.txt,0.0,1.0,2.0,test,021,FalseTrueTrue,reinforcing,"[0.0, 0.667, 0.333]"
936,1847483.txt,0.0,0.0,3.0,test,030,FalseTrueFalse,reinforcing,"[0.0, 1.0, 0.0]"
937,1847702.txt,1.0,1.0,1.0,test,111,TrueTrueTrue,na,"[0.333, 0.333, 0.333]"
938,1848146.txt,0.0,0.0,3.0,test,030,FalseTrueFalse,reinforcing,"[0.0, 1.0, 0.0]"
939,1848352.txt,1.0,0.0,2.0,test,120,TrueTrueFalse,reinforcing,"[0.333, 0.667, 0.0]"
940,1848363.txt,0.0,1.0,2.0,test,021,FalseTrueTrue,reinforcing,"[0.0, 0.667, 0.333]"
941,1848620.txt,0.0,0.0,3.0,test,030,FalseTrueFalse,reinforcing,"[0.0, 1.0, 0.0]"
942,1848621.txt,0.0,2.0,1.0,test,012,FalseTrueTrue,no_effect,"[0.0, 0.333, 0.667]"
943,1848655.txt,0.0,0.0,3.0,test,030,FalseTrueFalse,reinforcing,"[0.0, 1.0, 0.0]"
944,1848664.txt,0.0,0.0,3.0,test,030,FalseTrueFalse,reinforcing,"[0.0, 1.0, 0.0]"
945,1848665.txt,0.0,0.0,3.0,test,030,FalseTrueFalse,reinforcing,"[0.0, 1.0, 0.0]"
946,1848692.txt,0.0,1.0,2.0,test,021,FalseTrueTrue,reinforcing,"[0.0, 0.667, 0.333]"
947,1848781.txt,0.0,2.0,1.0,test,012,FalseTrueTrue,no_effect,"[0.0, 0.333, 0.667]"
948,1848782.txt,0.0,0.0,3.0,test,030,FalseTrueFalse,reinforcing,"[0.0, 1.0, 0.0]"
949,1849004.txt,0.0,1.0,2.0,test,021,FalseTrueTrue,reinforcing,"[0.0, 0.667, 0.333]"
950,1849189.txt,1.0,0.0,2.0,test,120,TrueTrueFalse,reinforcing,"[0.333, 0.667, 0.0]"
951,1849370.txt,0.0,1.0,2.0,test,021,FalseTrueTrue,reinforcing,"[0.0, 0.667, 0.333]"
952,1849778.txt,0.0,1.0,2.0,test,021,FalseTrueTrue,reinforcing,"[0.0, 0.667, 0.333]"
953,1849779.txt,1.0,1.0,1.0,test,111,TrueTrueTrue,na,"[0.333, 0.333, 0.333]"
954,1849934.txt,0.0,0.0,3.0,test,030,FalseTrueFalse,reinforcing,"[0.0, 1.0, 0.0]"
955,1850204.txt,0.0,2.0,1.0,test,012,FalseTrueTrue,no_effect,"[0.0, 0.333, 0.667]"
956,1850220.txt,0.0,0.0,3.0,test,030,FalseTrueFalse,reinforcing,"[0.0, 1.0, 0.0]"
957,1850221.txt,0.0,2.0,1.0,test,012,FalseTrueTrue,no_effect,"[0.0, 0.333, 0.667]"
958,1850318.txt,1.0,0.0,2.0,test,120,TrueTrueFalse,reinforcing,"[0.333, 0.667, 0.0]"
959,1850319.txt,0.0,0.0,3.0,test,030,FalseTrueFalse,reinforcing,"[0.0, 1.0, 0.0]"
960,1850693.txt,0.0,0.0,3.0,test,030,FalseTrueFalse,reinforcing,"[0.0, 1.0, 0.0]"
961,1850880.txt,0.0,0.0,3.0,test,030,FalseTrueFalse,reinforcing,"[0.0, 1.0, 0.0]"
962,1851071.txt,0.0,1.0,2.0,test,021,FalseTrueTrue,reinforcing,"[0.0, 0.667, 0.333]"
963,1851284.txt,0.0,0.0,3.0,test,030,FalseTrueFalse,reinforcing,"[0.0, 1.0, 0.0]"
964,1851462.txt,0.0,1.0,2.0,test,021,FalseTrueTrue,reinforcing,"[0.0, 0.667, 0.333]"
965,1851741.txt,0.0,2.0,1.0,test,012,FalseTrueTrue,no_effect,"[0.0, 0.333, 0.667]"
966,1851769.txt,1.0,0.0,2.0,test,120,TrueTrueFalse,reinforcing,"[0.333, 0.667, 0.0]"
967,1851784.txt,0.0,2.0,1.0,test,012,FalseTrueTrue,no_effect,"[0.0, 0.333, 0.667]"
968,1851785.txt,0.0,0.0,3.0,test,030,FalseTrueFalse,reinforcing,"[0.0, 1.0, 0.0]"
969,1851807.txt,0.0,1.0,2.0,test,021,FalseTrueTrue,reinforcing,"[0.0, 0.667, 0.333]"
970,1851918.txt,0.0,0.0,3.0,test,030,FalseTrueFalse,reinforcing,"[0.0, 1.0, 0.0]"
971,1852149.txt,2.0,0.0,1.0,test,210,TrueTrueFalse,challenging,"[0.667, 0.333, 0.0]"
972,1852150.txt,1.0,0.0,2.0,test,120,TrueTrueFalse,reinforcing,"[0.333, 0.667, 0.0]"
973,1852327.txt,0.0,1.0,2.0,test,021,FalseTrueTrue,reinforcing,"[0.0, 0.667, 0.333]"
974,1852329.txt,1.0,0.0,2.0,test,120,TrueTrueFalse,reinforcing,"[0.333, 0.667, 0.0]"
975,1852524.txt,0.0,0.0,3.0,test,030,FalseTrueFalse,reinforcing,"[0.0, 1.0, 0.0]"
976,1852525.txt,0.0,0.0,3.0,test,030,FalseTrueFalse,reinforcing,"[0.0, 1.0, 0.0]"
977,1852738.txt,0.0,2.0,1.0,test,012,FalseTrueTrue,no_effect,"[0.0, 0.333, 0.667]"
978,1852953.txt,0.0,1.0,2.0,test,021,FalseTrueTrue,reinforcing,"[0.0, 0.667, 0.333]"
979,1852954.txt,0.0,1.0,2.0,test,021,FalseTrueTrue,reinforcing,"[0.0, 0.667, 0.333]"
980,1853112.txt,0.0,1.0,2.0,test,021,FalseTrueTrue,reinforcing,"[0.0, 0.667, 0.333]"
981,1853113.txt,0.0,0.0,3.0,test,030,FalseTrueFalse,reinforcing,"[0.0, 1.0, 0.0]"
982,1853521.txt,2.0,1.0,0.0,test,201,TrueFalseTrue,challenging,"[0.667, 0.0, 0.333]"
983,1853537.txt,1.0,1.0,1.0,test,111,TrueTrueTrue,na,"[0.333, 0.333, 0.333]"
984,1853566.txt,0.0,2.0,1.0,test,012,FalseTrueTrue,no_effect,"[0.0, 0.333, 0.667]"
985,1853693.txt,0.0,0.0,3.0,test,030,FalseTrueFalse,reinforcing,"[0.0, 1.0, 0.0]"
986,1853778.txt,0.0,2.0,1.0,test,012,FalseTrueTrue,no_effect,"[0.0, 0.333, 0.667]"
987,1853974.txt,0.0,0.0,3.0,test,030,FalseTrueFalse,reinforcing,"[0.0, 1.0, 0.0]"
988,1853975.txt,0.0,0.0,3.0,test,030,FalseTrueFalse,reinforcing,"[0.0, 1.0, 0.0]"
989,1854366.txt,0.0,1.0,2.0,test,021,FalseTrueTrue,reinforcing,"[0.0, 0.667, 0.333]"
990,1854595.txt,0.0,2.0,1.0,test,012,FalseTrueTrue,no_effect,"[0.0, 0.333, 0.667]"
991,1854596.txt,0.0,0.0,3.0,test,030,FalseTrueFalse,reinforcing,"[0.0, 1.0, 0.0]"
992,1854779.txt,0.0,0.0,3.0,test,030,FalseTrueFalse,reinforcing,"[0.0, 1.0, 0.0]"
993,1855006.txt,0.0,1.0,2.0,test,021,FalseTrueTrue,reinforcing,"[0.0, 0.667, 0.333]"
994,1855036.txt,0.0,1.0,2.0,test,021,FalseTrueTrue,reinforcing,"[0.0, 0.667, 0.333]"
995,1855058.txt,0.0,1.0,2.0,test,021,FalseTrueTrue,reinforcing,"[0.0, 0.667, 0.333]"
996,1855169.txt,0.0,1.0,2.0,test,021,FalseTrueTrue,reinforcing,"[0.0, 0.667, 0.333]"
997,1855424.txt,0.0,0.0,3.0,test,030,FalseTrueFalse,reinforcing,"[0.0, 1.0, 0.0]"
998,1855643.txt,0.0,1.0,2.0,test,021,FalseTrueTrue,reinforcing,"[0.0, 0.667, 0.333]"
999,1855644.txt,0.0,0.0,3.0,test,030,FalseTrueFalse,reinforcing,"[0.0, 1.0, 0.0]"
